lanthipeptide,gene_name,leader,core,organism
Nisin-A,"spaN, nisA",MSTKDFNLDLVSVSKKDSGASPR,ITSISLCTPGCKTGALMGCNMKTATCHCSIHVSK,Lactococcus lactis subsp. lactis
Nisin-Z,nisZ,MSTKDFNLDLVSVSKKDSGASPR,ITSISLCTPGCKTGALMGCNMKTATCNCSIHVSK,Lactococcus lactis subsp. lactis
Nisin-Q,nisQ,MSTKDFNLDLVSVSKTDSGASTR,ITSISLCTPGCKTGVLMGCNLKTATCNCSVHVSK,Lactococcus lactis subsp. lactis
Nisin-U,nsuA,MNNEDFNLDLIKISKENNSGASPR,ITSKSLCTPGCKTGILMTCPLKTATCGCHFG,Streptococcus uberis
Subtilin,"spaS, sub",MSKFDDFDLDVVKVSKQDSKITPQ,WKSESLCTPGCVTGALQTCFLQTLTCNCKISK,Bacillus subtilis
Epidermin,epiA,MEAVKEKNDLFNLDVKVNAKESNDSGAEPR,IASKFICTPGCAKTGSFNSYCC,Staphylococcus epidermidis
Gallidermin,gdmA,MEAVKEKNELFDLDVKVNAKESNDSGAEPR,IASKFLCTPGCAKTGSFNSYCC,Staphylococcus gallinarum
Mutacin B-NY266,NA,MSNTQLLEVLGTETFDVQENLFTFDTTDTIVAESNDDPDTR,FKSWSFCTPGCAKTGSFNSYCC,Streptococcus mutans
Mutacin-1140,"lanA, mutA",MSNTQLLEVLGTETFDVQEDLFAFDTTDTTIVASNDDPDTR,FKSWSLCTPGCARTGSFNSYCC,Streptococcus mutans
Streptin,srtA,MNNTIKDFDLDLKTNKKDTATPYV,GSRYLCTPGSCWKLVCFTTTVK,Streptococcus pyogenes
Pep5,pepA,MKNNKNLFDLEIKKETSQNTDELEPQ,TAGPAIRASVKQCQKTLKATRLFTVSCKGKNGCK,Staphylococcus epidermidis
Lacticin-481,"lctA ,lcnDR1, lct",MKEQNSFNLLQEVTESELDLILGA,KGGSGVIHTISHECNMNSWQFVFTCCS,Lactococcus lactis subsp. lactis
Mutacin-2,mutA,MNKLNSNAVVSLNEVSDSELDTILGG,NRWWQGVVPTVSYECRMNSWQHVFTCC,Streptococcus mutans
Ruminococcin-A,"rumA1, rumA2, rumA3",MRNDVLTLTNPMEEKELEQILGG,GNGVLKTISHECNMNTWQFLFTCC,Mediterraneibacter gnavus
Streptococcin A-F22,scnA,MEKNNEVINSIQEVSLEELDQIIGA,GKNGVFKTISHECHLNTWAFLATCCS,Streptococcus pyogenes
Nukacin KQU-131,"nukA, nkqA",MENSKIMKDIEVANLLEEVQEDELNEVLGA,KKKSGVIPTVSHDCHMNTFQFMFTCCS,Staphylococcus hominis
Nukacin,nukA,MENSKVMKDIEVANLLEEVQEDELNEVLGA,KKKSGVIPTVSHDCHMNSFQFVFTCCS,Staphylococcus warneri
Salivaricin-A,salA,MKNSKDILNNAIEEVSEKELMEVAGG,KRGSGWIATITDDCPNSVFVCC,Streptococcus salivarius
Mersacidin,mrsA,MSQEAIIRSWKDPFSRENSTQNPAGNPFSELKEAQMDKLVGAGDMEAA,CTFTLPGGGGVCTLTSECIC,Bacillus sp. (strain HIL-Y85/54728)
Actagardine,garA,MSALAIEKSWKDVDLRDGATSHPAGLGFGELTFEDLREDRTIYAA,SSGWVCTLTIECGTVICAC,Actinoplanes garbadinensis
Lacticin 3147 A1,"ltnA1, ltnA",MNKNEIETQPVTWLEEVSDQNFDEDVFGA,CSTNTFSLSDYWGNNGAWCTLTHECMAWCK,Lactococcus lactis subsp. lactis
Lacticin 3147 A2,"ltnA2, ltnB",MKEKNMKKNDTIELQLGKYLEDDMIELAEGDESHGG,TTPATPAISILSAYISTNTCPTTKCTRAC,Lactococcus lactis subsp. lactis
Cinnamycin,"cinA, rocA",MTASILQQSVVDADFRAALLENPAAFGASAAALPTPVEAQDQASLDFWTKDIAATEAFA,CRQSCSFGPFTFVCDGNTK,Streptomyces griseoverticillatus
Duramycin,NA,NA,CKQSCSFGPFTFVCDGNTK,Streptomyces griseoverticillatus
Duramycin B,NA,NA,CRQSCSFGPLTFVCDGNTK,Streptomyces sp. (strain R2075)
Duramycin C,NA,NA,CANSCSYGPLTWSCDGNTK,Streptomyces griseoluteus
Ancovenin,NA,NA,CVQSCSFGPLTWSCDGNTK,Streptomyces sp. (strain A647P-2)
Cypemycin,cypA,MRSEMTLTSTNSAEALAAQDFANTVLSAAAPGFHADCETPAM,ATPATPTVAQFVIQGSTICLVC,Streptomyces sp.
Lichenicidin VK21-A1,lchA1,MSKKEMILSWKNPMYRTESSYHPAGNILKELQEEEQHSIAGG,TITLSTCAILSKPLGNNGYLCTVTKECMPSCN,Bacillus licheniformis
Lichenicidin VK21-A2,lchA2,MKTMKNSAAREAFKGANHPAGMVSEEELKALVGGNDVNPE,TTPATTSSWTCITAGVTVSASLCPTTKCTSRC,Bacillus licheniformis
Michiganin-A,micA,MNDILETETPVMVSPRWDMLLDAGEDTSPSVQTQIDAEFRRVVSPYM,SSSGWLCTLTIECGTIICACR,Clavibacter michiganensis subsp. michiganensis
Lichenicidin A1,"lanA1, lanA, licA1",MSKKEMILSWKNPMYRTESSYHPAGNILKELQEEEQHSIAGG,TITLSTCAILSKPLGNNGYLCTVTKECMPSCN,Bacillus licheniformis (strain ATCC 14580 / DSM 13 / JCM 2505 / CCUG 7422 / NBRC 12200 / NCIMB 9375 / NCTC 10341 / NRRL NRS-1264 / Gibson 46)
Lichenicidin A2,"lanA2, licA2",MKNSAAREAFKGANHPAGMVSEEELKALVGGNDVNPE,TTPATTSSWTCITAGVTVSASLCPTTKCTSRC,Bacillus licheniformis (strain ATCC 14580 / DSM 13 / JCM 2505 / CCUG 7422 / NBRC 12200 / NCIMB 9375 / NCTC 10341 / NRRL NRS-1264 / Gibson 46)
Epilancin 15X,elxA,MKKELFDLNLNKDIEAQKSDLNPQ,SASIVKTTIKASKKLCRGFTLTCGCHFTGKK,Staphylococcus epidermidis
Epilancin,elkA,MNNSLFDLNLNKGVETQKSDLSPQ,SASVLKTSIKVSKKYCKGVTLTCGCNITGGK,Staphylococcus epidermidis
Paenibacillin,paenA,MKVDQMFDLDLRKSYEASELSPQA,ASIIKTTIKVSKAVCKTLTCICTGSCSNCK,Paenibacillus polymyxa
Lantibiotic 107891 (NAI-107),"mibA, mlbA",MPADILETRTSETEDLLDLDLSIGVEEITAGPA,VTSWSLCTPGCTSPGGGSNCSFCC,Microbispora sp. (strain 107891)
Streptococcin A-M49,"scnA', scnA''",MTKEHEIINSIQEVSLEELDQIIGA,GKNGVFKTISHECHLNTWAFLATCCS,Streptococcus pyogenes serotype M49
Flavucin,flaA,MSDFTLDFAEGDAADTVSPQ,ITSKSLCTPGCITGWMMCNTVTKGCSFTIGK,Corynebacterium lipophiloflavum (strain ATCC 700352 / DSM 44291 / CCUG 37336 / JCM 10383 / DMMZ 1944)
Macedovicin,SMA_1409,MMNATENQIFVETVSDQELEMLIGG,ADRGWIKTLTKDCPNVISSICAGTIITACKNCA,Streptococcus macedonicus (strain ACA-DC 198)
Flavecin Flvbeta.e,FlvA2.e,MNNKEFNMEQFKKLAAVVSEDELDEMLDENVTGA,ASSIPCAKVVVKVTTVVVAATTGFDWCPTGACTTSCRF,Ruminococcus flavefaciens
Flavecin Flvalpha.a,FlvA1.a,MNKNPIYRSEEEAKDIACGNVAAELDENSQALDAINGA,GWKQTIVCTIAQGTVGCLVSYGLGNGGYCCTYTVECSKTCNK,Ruminococcus flavefaciens
Flavecin Flvbeta.g,FlvA2.g,MNNNNFDMEKFKKLAAIVSEGEIDEMLDETTVGA,ASTLPCAEVVVTVTGIIVKATTGFDWCPTGACTHSCRF,Ruminococcus flavefaciens
Flavecin Flvbeta.c,FlvA2.c,MENKFDMEKFKKLAAVVSEDELDTLLDETTVGA,GSSNDCADLILKITGVVVSATSKFDWCPTGACTTSCRF,Ruminococcus flavefaciens
Flavecin Flvbeta.b,FlvA2.b,MDNNTKLQKLYEQLAATGSEKELDAMLDENMAGA,GSPLTVTITGLIVAATTGFDWCPTGACTYSCRV,Ruminococcus flavefaciens
Flavecin Flvalpha.b,FlvA1.B,MNKNPIYRSEEEAKNIACGNVAAELDENSQALDAINGA,GWKQTIVCTIAQGTVGCLVSYGLGNGGYCCTYTVECSKTCNK,Ruminococcus flavefaciens
Flavecin Flvalpha.c,FlvA1.C,MNKNPIYRSEEEAKNIACGNVAAELDENSQALDAINGA,GWKQTIACTIAQGTLGCLVSYGLGNGGYCCTYTVECSKTCNK,Ruminococcus flavefaciens
Flavecin Flvalpha.d,FlvA1.D,MNKNPIYRSEEEAKDIACGNVAAELDENSQALDAINGA,GWKQTIVCTIAQGTVGCLVSYGLGNGGYCCTYTVECSKTCNK,Ruminococcus flavefaciens
Flavecin Flvbeta.a,FlvA2.a,MSEKNMEKAGVVKADELDEMIDETTGGA,STVNTVGIHTTYLISKGLQNCPLKPTTILPILPRK,Ruminococcus flavefaciens
Flavecin Flvbeta.h,FlvA2.h,MERYGHLAGVIPVDEIDDMFESNVIGG,TSSIDCVRLASNTPEGTVNLTVRIEFCPSAACTYSCRL,Ruminococcus flavefaciens
Flavecin Flvbeta.d,FlvA2.d,MDNNTEKFNELAAIADESELNEMLDENITGA,GSTIQCVNTTIGTILSVVFDCCPTSACTPPCRF,Ruminococcus flavefaciens
Flavecin Flvbeta.f,FlvA2.f,MEKMNNIAGITPENELDEMFDDSVVGA,VGYTTYWGILPLVTKNPQICPVSENTVKCRLL,Ruminococcus flavefaciens
Lactocin-S,lasA,MKTEKKVLDELSLHASAKMGARDVESSMNAD,STPVLASVAVSMELLPTASVLYSDVAGCFKYSAKHHC,Latilactobacillus sakei L45
Staphlyococcin C55a,sacaA,MKSSFLEKDIEEQVTWFEEVSEQEFDDDIFGA,CSTNTFSLSDYWGNKGNWCTATHECMSWCK,Staphylococcus aureus
Staphylococcin C55b,sacbA,MKNELGKFLEENELELGKFSESDMLEITDDEVYAA,GTPLALLGGAATGVIGYISNQTCPTTACTRAC,Staphylococcus aureus
Ericin A1,eriSa,MTNMSKFDDFDLDVVKVSKQDSKITPQ,VLSKSLCTPGCITGPLQTCYLCFPTFAKC,Bacillus subtilis
Ericin A2,eriSb,MSKFDDFDLDVVKVSKQDSKITPQ,WKSESVCTPGCVTGVLQTCFLQTITCNCHISK,Bacillus subtilis
Epicidin 280,eciA,MENKKDLFDLEIKKDNMENNNELEAQ,SLGPAIKATRQVCPKATRFVTVSCKKSDCQ,Staphylococcus epidermidis
Butyrivibriocin-79,bvi79,MNKELNALTNPIDEKELEQILGG,GNGVIKTISHECHMNTWQFIFTCCS,Butyrivibrio fibrisolvens
Plantaricin W alpha,plWalpha,MKISKIEAQARKDFFKKIDTNSNLLNVNGA,KCKWWNISCDLGNNGHVCTLSHECQVSCN,Lactiplantibacillus plantarum
Plantaricin W beta,plWbeta,MTKTSRRKNAIANYLEPVDEKSINESFGA,GDPEARSGIPCTIGAAVAASIAVCPTTKCSKRCGKRKK,Lactiplantibacillus plantarum
Blauticin-A1,bpcA1,MAKFDDFDLDVTKTAAGEGGVEPR,ITSKSLCTPGCVTGILMTCPVQTATCGCQITGK,Blautia pseudococcoides
Blauticin-A5,bpcA5,MAKFDDFDLDVTRMESGNNKTQPR,ITSISLCTSGCKTAFFGTCSFTKDK,Blautia pseudococcoides
Blauticin-A6,bpcA6,MARFDDFDLDVTKIIRTPNAMPASTV,GSHSLCSTQFLCPQTLTCGCQITGK,Blautia pseudococcoides
Variacin,NA,MTNAFQALDEVTDAELDAILGG,GSGVIPTISHECHMNSFQFVFTCCS,Kocuria varians
Labyrinthopeptin A2,labA2,MASILELQNLDVEHARGENR,SDWSLWECCSTGSLFACC,Actinomadura namibiensis
Labyrinthopeptin A1,labA1,MASILELQDLEVERASSAAD,SNASVWECCSTGSWVPFTCC,Actinomadura namibiensis
Haloduracin A1,bhaA1,MTNLLKEWKMPLERTHNNSNPAGDIFQELEDQDILAGVNGA,CAWYNISCRLGNKGAYCTLTVECMPSCN,Halalkalibacterium halodurans
Haloduracin A2,bhaA2,MVNSKDLRNPEFRKAQGLQFVDEVNEKELSSLAGS,GDVHAQTTWPCATVGVSVALCPTTKCTSQC,Halalkalibacterium halodurans
Lacticin J46,lcpJ,MKEQNSFNLLQEVTESELDLILGA,KGGSGVIHTISHEVIYNSWNFVFTCCS,Lactococcus cremoris
Salivaricin-A1,NA,MKNSKDVLNNAIEEVSEKELMEVAGG,KKGSGWFATITDDCPNSVFVCC,Streptococcus agalactiae
Staphylococcin T,NA,MEAVKEKNDLFNLDVKVNAKESNDSGAEPR,VASKFLCTPGCAKTGSFNSYCC,Staphylococcus epidermidis
Mutacin I,NA,MSNTQLLEVLGTETFDVQEDLFAFDTTDTTIVASNDDPDTR,FSSLSLCSLGCTGVKNPSFNSYCC,Streptococcus mutans
RumB,NA,MKKNYRNPMTRPENFMNPAGNVMKEIKEADLNNFSAGA,GEPRVSDGSQFCTSTKECNWGTIMFVCC,Blautia wexlerae
BhtA2,bhtA beta,MKSNLLKINNVTEVEKDMVTLIKDEDMELAGG,STPACAIGVVGITVAVTGISTACTSRCINK,Streptococcus ratti
Cytolysin L,cylLl,MENLSVVPSFEELSVEEMEAIQGSGDVQAE,TTPVCAVAATAAASSAACGWVGGGIFTGVTVVVSLKHC,Enterococcus faecalis
Cytolysin S,cylLs,MLNKENQENYSNKLELVGPSFEELSLEEMEAIQGSGDVQAE,TTPACFTIGLGVGALFSAKFC,Enterococcus faecalis
Microbisporicin,mibA,MPADILETRTSETEDLLDLDLSIGVEEITAGPA,VTSWSLCTPGCTSPGGGSNCSFCC,Microbispora corallina
Suicin,suiA,MNNIKPEIYVQTATDQEITLLIGG,AGSGFVKTLTKDCPGFLSNVCVNIGFISGCKNC,Streptococcus suis
Bovicin HJ50,bovA,MMNATENQIFVETVSDQELEMLIGG,ADRGWIKTLTKDCPNVISSICAGTIITACKNCA,Streptococcus bovis
Plantaricin C,NA,MKKNLMNSAEESSGNVLEELNNAQLGMISGG,KKTKKNSSGDICTLTSECDHLATWVCC,Lactobacillus plantarum LL441
Homicorcin,NA,MENNKNLFDLEIKKDNVENNNELEAQ,SLGTAIKATKNACPKVTRLVTVSCQKSDCQ,Staphylococcus hominis MBL_AB63
Venezuelin,venA,MENHDIELLAHLHALPETDPVGVDGAPFA,ATCECVGLLTLLNTVCIGISCA,Streptomyces venezuelae
Sfl,sflA,MPVAVPDLLKTDGFRDAGPLEIDDETIPFEDDDREDR,EHTACLSDPWVTATTRFACDLNS,Streptomyces sp. NRRL S-1022
Streptocollin,stcA,MENQTLELLAHLHALPETDPETDPVDFDGASY,SGTCACVGLLTLLNTVCVGISCA,Streptomyces collinus Tu 365
Lactocin-S,NA,MKTEKKVLDELSLHASAKMGARDVESSMNADS,TPVLASVAVSME LLPTASVLYSDVAGCFKYSAKHHC,Latilactobacillus sakei
Planosporicin,pspA,MGISSPALPQNTADLFQLDLEIGVEQSLASPA,ITSVSWCTPGCTSEGGGSGCSHCC,Planomonospora sp. DSM 14920
Nocasporicin,nspA,MTMEPVETVETVDLFDLDIRVGVGNIQGNAA,INSWSYCTPGCTSSGGGSGCSHCC,Nocardia brasiliensis
Megateracin,megA,MNNVKNLFDLDVQVTTASSDVDPQ,ITSVSLCTPGCGDTGSWNSFCC,Bacillus megaterium QM B1551
Actoracin,actA,MTAMMETTMLDLDVDIDAMPAAAATPQ,ITSVSLCTAFCTSQGGGSFCSFCC,Actinomyces sp. F0332
Pinensin,pinA,MKDNQVTQIKLSIDDLKIDSFVTSIDSEMNMRLAGGLAGQ,SHPTHTVATDDQGHLCTTIICA,Chitinophaga pinensis DSM 28390
Paenilan,pnlA,MKNQFDLDLQVAKNEVASKGVQPA,SGLICTPSCATGTLNCQVSLSFCKTC,Paenibacillus polymyxa E681
Penisin,penA2,MANNVFDLDVEVKSVNSVNQ,NIGLFTSTCFSSQCFSSKCFTDTCFSSNCFTGRHQCGYTHGSC,NA
Paenicidin B,paeA,MANNLFDLDVQVNKSQGSVEPQ,VLSIVACSSGCGSGKTAASCVATCGNKCFTNVGSLC,NA
Paenicidin A,paeAc,MAENLFDLDIQVNKSQGSVEPQ,VLSIVACSSGCGSGKTAASCVETCGNRCFTNVGSLC,NA
Paenibacillin,paeAb,MKVDQMFDLDLRKSYEASELSPQ,ASIIKTTIKVSKAVCKTLTCICTGSCSNCK,NA
Subtilomycin,NA,MEKNNIFDLDINKKMESTSEVSAQTWATIGKT,IVQSVKKCRTFTCGCSLGSCSNCN,Bacillus subtilis strain MMA7
Elgicin B,elgA,MANNNFDLDVQMKSVNSVNA,NLGNYTSQCYSSQCYSSKCYSDSCYSSNCYTGRHMCGYTHGYSC,NA
Cerecidin A7,cerA7,MSKGYKFTKEELVEAWKDPQVREKLKDLPNHPSGKALNELSEEELAEIQGASDVQPE,TTPLCVGVIIGLTTSIKICK,Bacillus cereus
Cerecidin A3,cerA3,MSKGYKFTKEELVEAWKDPQVREKLNDLPKHPSGKALNELSEEELAEIQGASDVQPE,TTPLCVGVIIGLTTSIKICK,Bacillus cereus
Cerecidin A1,cerA1,MSKGYKFTKEELVEAWKDPQVREKLKDLPKHPSGKALNELSEEELAEIQGASDVQPE,TTPLCVGIIGITASIKICK,Bacillus cereus
SAL-2242,NA,MALLDLQAMDTPQEEAVGDLA,TGSQISLLICEYSSLSVTLCTP,NA
Pneumococcin A1,pneA1,MTNFNSNEKFCGKSLKSLSADEMSLIYGASDGAEPR,WTPTPIILKSAAASSKVCISAAVSGIGGLVSYNNDCLG,Streptococcus pneumoniae
Pneumococcin A2,pneA2,MKNDFVIGKSLKELSLEEMQLVYGGTDGADPR,STIICSATLSFIASYLGSAQTRCGKDNKKK,Streptococcus pneumoniae
Pneumolancidin A1,pldA1,MAKNTSRPEIDSLSFEVENQELSGKSGA,GWFTAVQLTLAGRCGRWFTGSFECTTNNVKCG,Streptococcus pneumoniae
Pneumolancidin A2,pldA2,MRKNNNHKEIDTLDFEVKNQELSGKSGS,GWFTAVQLTLAGRCGRWFTGSYECTSNNVKCG,Streptococcus pneumoniae
Pneumolancidin A3,pldA3,MKSKKVNTEIDTLEFEIDNQELNGTSGS,GWWWYTAFKMTLAGRCGLCFTCSYECTTNNVHC,Streptococcus pneumoniae
Pneumolancidin A4,pldA4,MKQDNFEIDSLDYEINSQELNGKSAA,GWYTAVRLTVQGRCGWWFTHSYECTSPNVRCG,Streptococcus pneumoniae
Carnolysin A1,crnA1',MSELSMEKVVGETFEDLSIAEMTMVQGS,GDINGEFTTSPACVYSVMVVSKASSAKCAAGASAVSGAILSAIRC,Carnobacterium maltaromaticum C2
Carnolysin A2,crnA2',MKKVVGETFEDLSIAEMTKVQGS,GDVMPESTPICAGFATLMSSIGLVKTIKGKC,Carnobacterium maltaromaticum C2
Birimositide alpha,brtalpha,MFFEGDVSLIEEIADQDFEGVAYGA,CTTNTFSLSNALGNNGGWCTLTKECQPNCN,Streptomyces rimosus subsp. Rimosus WC3908
Birimositide beta,brtbeta,MEQQDFLGAYDELELIELSEEEWHG,GTGPLCVAASVAASAAFCPTTKCTSKC,Streptomyces rimosus subsp. Rimosus WC3908
Thusin A1 alpha,thsA1,VLDVIKNRKKIEEKLELPEILLEEVEEHSAMGG,INTWNTTATSTSIIISETFGNKGKVCTYTVECVNNCRG,Bacillus thuringiensis strain BGSC 4BT1
Thusin A2 beta,thsA2,MLKEEKLEKITGLIPESELEEHLSGESSGA,GTPAITTAISAIIAATAQSPCPTSACSKSCNK,Bacillus thuringiensis strain BGSC 4BT1
Thusin A2 beta',thsA2',MKEQKLEKITGLIPESELEEHLSGESSGA,GTPAITTAISAIIGATAQSPCPTSACSKSCNK,Bacillus thuringiensis strain BGSC 4BT1
Roseocin A1 beta,rosA1,MNLVRAWKDPEYRATLSEAPANPAGLVELADDQLDGVAGG,TTWACATVTLTVTVCSPTGTLCGSCSMGTRGCC,Streptomyces roseosporus NRRL 11379
Roseocin A2 alpha,rosA2,MDIVRSWKDADYRLSLGSEAPAHPSGEGLTAITDEELTEINGA,GSGVLGTLGCCSCLPWYSGWTVCGLACNPGKPCKN,Streptomyces roseosporus NRRL 11379
Bicereucin A1 alpha,bsjA1,LTNEEIIVAWKNPKVRGKNMPSHPSGVGFQELSINEMAQVTGGAVE,QRATPATPATPWLIKASYVVSGAGVSFVASYITVN,Bacillus cereus
Bicereucin A2 beta,bsjA2,MTNEEIIVAWKNPKVRGKNMPSHPSGVGFQELSINEMAQVTGGAVE,QRATPTLATPLTPHTPYATVVSGGVVSAISGIFSNNKTCLG,Bacillus cereus
BLD_1648,NA,MSINEKSIVGESFEDLSAADMAMLTGRNDDGVAPA,SLSFAVSVLSVSFSACSVTVVTRLASCGNCK,Bifidobacterium longum DJO10A
Geobacillin I,NA,MAKFDDFDLDIVVKKQDDVVQPN,VTSKSLCTPGCITGVLMCLTQNSCVSCNSCIRC,Geobacillus thermodenitrificans
Geobacillin II,NA,MKGGIQMEKQEKQEQTFVSKISEEELKKLAGGYTEVSPQ,STIVCVSLRICNWSLRFCPSFKVRCPM,Geobacillus thermodenitrificans
Sap T,sptA,MPAHEITELDTLISDLEERITDEDLPTASV,YTQGCSGLCTIVICATVVICG,Streptomyces tendae
SapB,NA,MNLFDLQSMETPKEEAMGDVETG,SRASLLLCGDSSLSITTCN,Streptomyces coelicolor
Griseopeptin,griA,MALLDLQAMDTPAEDSFGELATG,SQVSLLVCEYSSLSVVLCTP,Streptomyces griseus DSM 40236
Avermipeptin,aviA,MALLDLQTMESDEHTGGGGA,STVSLLSCVSAASVLLCL,Streptomyces avermitilis DSM 46492
Erythreapeptin,eryA,MEMVLELQELDAPNELAYGDPSHGGG,SNLSLLASCANSTVSLLTCH,Saccharopolyspora erythraea NRRL 2338
Curvopeptin,curA,MLDLQGMTPE,YGGGDLSSASLLLCDKFSAFSTLLCL,Thermomonospora curvata
Stackepeptin,staA,MALLDLQGLESPADLSATR,GGSSGSGHSCPSNLSATLCGGTSGLSVLICH,Stackebrandtia nassauensis DSM-44728
Flavipeptin,flaA,MALLDLQGLETPGYGHGGHHHGG,STLTVLGCGSQRPSNLSLLLCH,Kribbella flavida
Catenulipeptide,aciA,MTEEMTLLDLQGMEQTETDSWGGS,GHGGGGDSGLSVTGCNGHSGISLLCDL,Catenulispora acidiphila DSM 44928
Amylolysin,NA,MNEKMYRFAGDLREELEEISLSEFSGGGG,AEQRGISQGNDGKLCTLTWECGLCPTHTCWC,Bacillus amyloliquefaciens GA1
Cebulantin A1,NA,MSAPVQDFDLDVDTTSFAAPGGGALSADGIEAK,GVLTFGTTCWGTTCPSNNTISC,Saccharopolyspora cebuensis
Cebulantin A2,NA,MSAPVQDFDLDVDTTSFAAPGGGALSEDGIEAR,GPITFGTTCWGTPCPSANTVSC,Saccharopolyspora cebuensis
Cacaoidin,NA,MGEVVEMVAGFDTYADVEELNQIAVGEAPE,SSAPCTIYASVSASISATASWGC,Streptomyces cacaoi CA-170360
Lexapeptide,lxmA,MQTTQNEKDLFEGYTAYTSAEELGLYDGKDAAPA,FSPTIPWAIRATIITARSSQQCAAALGSLTAKTIEKKC,Streptomyces rochei Sal35
Pristinin A1,sprA1,MADLQQTGSISELVAGYDTYSEAGELVAEAAADAPA,STPTCAAATISWLGSQLTVKTYKEGC,Streptomyces pristinaespiralis ATCC 25468
Pristinin A2,sprA2,MDKTGAITELIEGYDSYSDAEELNSTAAAEAPA,TSAPCGAASVSWLASQFTVKTYKEGC,Streptomyces pristinaespiralis ATCC 25468
Pristinin A3,sprA3,MQNNTEIMDLIANYDAYADVDELNVTAAADAPA,TTPVCAASVASSTWCASAASAISGATYEAGC,Streptomyces pristinaespiralis ATCC 25468
Vagococcin T alpha,vcnA1,MERNPILREKKQQQFLSTSGLEEVNQNIEFIENLSGG,NNVWVTILQGVVGCVASWAVGNKGKVCTWTVECQKNCS,Vagococcus fluvialis
Vagococcin T beta,vcnA2,MRTSNDIKNKTGYVEESKLKEMIEEPDYSGG,AWTTLPCIGGIIAATLNFDACPTSACTKSCNK,Vagococcus fluvialis
Clausin,claA,MEKAFDLDLEVVHTKAKDVQPD,FTSVSFCTPGCGETGSFNSFCC,Bacillus clausii
Daspyromycin A,dasA,MPTIEMTAPAGAELDLFDLDLEVSVEQMSLTPA,ITSISLCTPGCTSAGGGSNCSFCC,Actinokineospora diospyrosa NBRC 15665
Entianin,entA,MSKFDDFDLDVVKVSKQDSKITPQ,WKSESVCTPGCVTGLLQTCFLQTITCNCKISK,Bacillus subtilis subsp. Spizizenii DSM 15029
Thuricin A1,thiA1,MNKELFDLDINKKMETPTEMTAQ,TVPTTIFVSRSVCKTLTCICTISCSNCK,Bacillus thuringiensis
Thuricin A2,thiA2,MNKELFDLDINKKMEAPTEMTVQ,TWGTVVKVSKAICKTGTCIGTISCTNCK,Bacillus thuringiensis
Thuricin A3,thiA3,MDKELFDLDINKKMETPTEMTAQ,TWTSILKVSRAPCKSGTCLCTTSCSNCK,Bacillus thuringiensis
Thuricin A4,thiA4,MNKELFDLDINKKMETPTEMTAQ,TWTTIVKVSKAVCKTGTCICTTSCSNCK,Bacillus thuringiensis
Deoxyactagardine B,ligA,MSAITVETTWKNTDLREDLTAHPAGLGFGELSFEDLREDRTIYAA,SSGWVCTLTIECGTLVCAC,Actinoplanes liguriae NCIMB41362
Mathermycin,matA,MSMTMTLQQAVVDDEFRSVLLADPAAFGLSVESLPGAVERQDHEAIEAFTEAVVASEIYA,CASTCSFGPFTIACDGTTK,Marinactinospora thermotolerans SCSIO 00652
Landornamide A,NA,MSTRKEAEEQLAIKALKDPSFREKLKANPKAVISSEFNTQVPDDLTIEVVEETATKMYLVLPAPEAVEEELSEEQLEAVAGG,GCWIAGSRGCGFVTRT,Kamptonema sp. PCC 6506
Informatipeptin,NA,MALLDLQTIETEERTDGGGA,STVSLLSCISAASVLLCL,Streptomyces viridochromogenes DSM 40736
Divamide A,divA,MPTTLEKPSVAYLEKLFHQTAIDSEFRSELQSHPEAFGISADLELPQSVEKQDESFVELLNNALGEIDIAAE,ECASTCSFGIVTIVCDGTTK,Prochloron didemni
Divamide B,divA,MPTTLEKPSVAYLEKLFHQTAIDSEFRSELQSHPEAFGISADLELPQSVEKQDESFVELLNNALGELDIAAE,ECASTCSSGPITAICDGTTK,Prochloron didemni
Prochlorosin 1.1,procA,MSEEQLKAFIAKVQADTSLQEQLKAEGADVVAIAKAAGFSITTEDLEKEHRQTLSDDDLEGVAGG,FFCVQGTANRFTINVC,Prochlorococcus MIT9313
BacCH91,NA,MENVLDLDVQVKAKNDTSDSAGDER,ITSFIGCTPGCGKTGSFHSFCC,Staphylococcus aureus strain CH-91
BsaA1,NA,MQVKGNNNTNDSAGDER,ITSHLFCSFGCEKTGSFNSFCC,Staphylococcus aureus
BsaA2,NA,MQVKANNNSNDSAGDER,ITSHSLCTPGCAKTGSFNSFCC,Staphylococcus aureus
Estercin A,NA,MKKLNEEALEAINDVTDEELEKLTGA,GGGVITTFTHECYYNSVSPASWGGCCK,Clostridium estertheticum CF016
Melittapeptin A,melA,MTKDMIIRAWKDASFRASLTEEQRASIPANPAGLSAVELNETELQEVVGG,VAADTKVPGNSGGWICTYSTECKPFCL,Melittangium boletus
Embleporicin,empA,MTDRILLEETTETRDFVDLDLDVRIAEGELRAA,DFGKDCPVTYSPNATSGVQSRCIPCC,Embleya sp. NF3
Amylopeptin A1,amyA1,MRDVLELQQLNEGTEVEAS,KGKGGLLTLITTVVGTSTISNNCG,Bacillus amyloliquefaciens
Amylopeptin A2,amyA2,MRDVLELQQLNEGTEVEAS,KGKGGLLTLITTVVGTSTISNNCG,Bacillus amyloliquefaciens
Amylopeptin A3,amyA3,MRDVLELQQLSEGTEVEAS,KGKGGLLTLITTVVGTSTISNNCG,Bacillus amyloliquefaciens
Amylopeptin A4,amyA4,MKDVLELQQLNEGTEVEAS,KGKGGLLTLITTIVGSSTISNNC,Bacillus amyloliquefaciens
Amylopeptin A5,amyA5,MNEVLELQQLSKGSEVETA,GWTLLTTLIGTSTISNSCNK,Bacillus amyloliquefaciens
Amylopeptin A6,amyA6,MKEVLVLQQFDEKSEVEPT,AWTVTLTTISVTLSTLSNHC,Bacillus amyloliquefaciens
Amylopeptin A7,amyA7,MNNVLALQQLNNSAEVEPQ,VGPTITTITVIPTMVISLISNYCDNHAS,Bacillus amyloliquefaciens
Virgicin,vrgA,MESLESVISNVSDEELAEVSGG,VGCGWICTHTLDCPGTRWFNCC,Virgibacillus sp. Strain AK90
Archalan alpha,alnaplha,MSVAIEADAGSKEQYDSEFTVETTEDVPEQEAGHRD,GCGFTCSPFSSW,Halorussus alinus YJ-37-H
Archalan beta,alnbeta,MSVAIQSNDDESLRTEVEAEYKHADHDVPDESKA,GLPSASMYSFEHCC,Halorussus alinus YJ-37-H
Salivaricin D,slvD,MSTKDFNLDLVEVSKSNTGASAR,FTSHSLCTPGCITGVLMGCHIQSIGCNVHIHISK,Streptococcus salivarius 5M6c
Salivaricin N,slvN,MATKDFNLDLVEVSKSNTGASTR,ITSHSFCSQACKTYKILGCNLLTHGCRFPR,Streptococcus salivarius 5M6c
Nisin-F,NA,MSTKDFNLDLVSVSKKDSGASPR,ITSISLCTPGCKTGALMGCNMKTATCNCSVHVSK,Lactococcus lactis subsp. lactis
Nisin-H,NA,MSTNDFNLDLVSVSKSNAGASTR,FTSISMCTPGCKTGALMTCNYKTATCHCSIKVSK,Streptococcus hyointestinalis
Nisin-U2,nsuA2,MSTKDFNLDLVSVSKKDSGASPR,VTSKSLCTPGCKTGILMTCPLKTATCGCHFG,Streptococcus uberis
Nisin-P,nsuA,MNNEDFNLDLVTISKENNSGASTR,VTSKSLCTPGCKTGILMTCAIKTATCGCHFG,Streptococcus galloyticus subsp. pasteurianus
Kunkecin A,kukA,MSNFNDFNLGIKKVHSGSKKGLEPR,ITSYVLCTPGCITGRLMGCNNKTKTCHCHSSNHFSFHAR,Apilactobacillus kunkeei F30-6
Nisin-J,nsjA,MNNQFNLKSKSANVSGSKGNNLETR,ITSKSLCTPGCKTGALQTCFAKTATCHCSGHVHTK,NA
Nisin-O1,nsoA1,MGKFDDFDLDVTKTAAQGGIEPK,YKSKSACTPGCPTGILMTCPLKTATCGCHITGK,NA
Pseudocin 196,pscA,MNKNMTGDVLAEMTDAEFDSIIGA,GNGVVTTISHECNMNSWQFLFTCCG,Bifidobacterium pseudocatenulatum
Lacticin-LMG,NA,MEKFEYSNLIQEVSDSELDEILGA,GNGVIKTVSHECKMNTWQFLFTCCS,NA
NAI-112,NA,VQEILELQELPSASATEDMPL,VSTLSVSSPCPGWPSSFTWSNC,Actinoplanes sp.
SmoA,smoA,MSTEDLMSGFSFHVDAEE,FAADAWAAQDMASGNPLTTTFCCSVQCG,Streptomyces morookaensis NRRL B-12429
SpcA,spcA,MNAEATAEDLMAGFSFHVSGEE,FIADLWDGENLASGNPMTTSLCCTAQC,Streptomyces pathocidini NRRL B-24287
Lysinibacin,lybA,MKQVLELQKLNVENGDVSTG,YWTTITTFTLSTASYQC,Lysinibacillus sp. CTST325
Andalusicin A,ancA1,MNTVLELQKLAHDTEGKGQAAE,ATITTTWTVTTTGVWASTISNNC,Bacillus thuringiensis sv. Andalousiensis
Andalusicin B,ancA7,MNTVLELQKLAHDTEGKGQAAE,ATITTTWTVTTTGAWASTISNNC,Bacillus thuringiensis sv. Andalousiensis
Bacinapeptin A,bcnA1,MNAVLELQKLAHDTDGKGIAVD,ATITTTWTVTTTSAFTSTVSNHC,Bacillus nakamurai NRRL B-41092
Bacinapeptin B,bcnA2,MNAVLELQKLAHDTDGKGIAVD,ATITTTWTVTTTSGFISSVSNNC,Bacillus nakamurai NRRL B-41092
Paenithopeptin A,pttA1,VKKMNAVLELQKLAHDTDGKGQAAD,AGITTIITICSVLSVYKCC,Paenibacillus thiaminolyticus NRRL B-4156
Dmxorosin,dmxA,MPQTLELTDLDSLIDDLDTRITETELPDAQA,YTAGCSGLCTIIVCATVVICA,Streptomyces thermolilacinus SPC6
Salivaricin B,sboB,MAKQQMNLVEIEAMNSLQELTLEELDNVLGA,GGGVIQTISHECRMNSWQFLFTCCS,Streptococcus salivarius K12
Butyrivibriocin A,butA,MNKDLNALTNPIDEKELEQILGG,GDGVFRTISHECHMNTWMFIFTCCS,NA
Salivaricin A2,salA2,MKNSKDILNNAIEEVSEKELMEVAGG,KRGTGWFATITDDCPNSVFVCC,Streptococcus salivarius K12
Salivaricin A3,salA3,MKNSKDVLNNAIEEVSEKELMEVAGG,KKGPGWIATITDDCPNSIFVCC,Streptococcus salivarius JH
Salivaricin A4,salA4,MKNSKDILNNAIEEVSEKELMEVAGG,KRGPGWIATITDDCPNSIFVCC,Streptococcus salivarius 9
Salivaricin A5,salA5,MKNSKDILNNAIEEVSEKELMEVAGG,KRGPGWIATITDDCPNSVFVCC,Streptococcus salivarius H21f
Hazakensin A,hznA1,MEQALIELEHDTPVEDDFELDIRVSAPSSDIQPVAL,ATANTCYKSCGTTCLSVNEEG,Thermosporothrix hazakensis
Hazakensin B,hznA2,MEQALIELTQEAAFEDEFELDIRVSAPASDAQPTAL,ATFNSCNPGCETLYHCPQH,Thermosporothrix hazakensis
AmfS,NA,MALLDLQAMDTPAEDSFGELRITG,TGSQVSLLVCEYSSLSVVLCTP,Streptomyces griseus
Columbicin A,colA,MMNATENQIFVETVSDQELEMLIGG,AGRGWIKTLTKDCPNVISSICAGTIITACKNCA,Enterococcus columbae
Nisin-S,nssA,MSVNDFKLDLVKVSKESTNSNYSVK,ITSYSLCTPGCKTGALMGCTMKTASCGCHVHISK,Ligilactobacillus salivarius P1CEA3
Nisin-E,nmdA,MSNEDFNLDLVSVSKNSNSGASPR,ITSKSLCTPGCKTGALMTCPIKTATCGCHFGN,Streptococcus equinus MDC1
Nisin-G,nsgA,MSTNDFNLDLVSVSKSNAGASTR,ITSYSLCTPGCKTGVLMACHLKTATCNCSIIVSK,Streptococcus salivarius DPC6487
Nisin-O4,nsoA4,MAKFDDFDLDIIEKKVRRDIIPAS,ITSQHSFCTPNCLTGFLCPPKTQLTCTCKLKGQ,Blautia obeum A2-162
Amyloliquecidin alpha,amyAa,MKMSIIETWKNPALRMNSQVVNPAGDLMEELSDNEMEMLAGG,CAWYDISCKLGNKGAWCTLTVECQSSCN,Bacillus amyloliquefaciens AD2
Amyloliquecidin beta,amyAb,MSNREKAELYRNAGKRTELGFVNPVGEVSEDELRNLAGAADVTPH,TTPSSVPCGVFVTAAFCPSTKCTSSC,Bacillus amyloliquefaciens AD2
SmbB,smbB,MKEIQKAGLQEELSILMDDANNLEQLTAG,IGTTVVNSTFSIVLGNKGYICTVTVECMRNCSK,Streptococcus mutans