lan_gene,predicted_class,aa_sequence
lanA_1,I,EFSLELDVTEVSTEQGYVSGGVTSTGCCKD
lanA_2,I,TEFSLELDVTEVSTEQGYVSGGVTSTGCCKD
lanA_3,I,NTEFSLELDVTEVSTEQGYVSGGVTSTGCCKD
lanA_4,I,MENTEFSLELDVTEVSTEQGYVSGGVTSTGCCKD
lanA_5,I,MENTEFSLELDVTEVSIEQGYVSGGVTSTGCCKD
lanA_6,I,MKKVKKLKVLELDKEVIKKLEEAPMNKIQGGGNFCPTGNRWTYCADGTCPSTYYAC
lanA_7,I,MKKLRLKKEIIQNLDMLKIRGGDNTATCTVIGDSGGTNCGSCTTCPTRQIVCPTRQEDCPTKVNCQTKLLATCQCDMESVNKKCDGVVIEPSW
lanA_8,I,MKKLQLKKEIVQDLDMLKIRGGDDTTTRTITGDSGGTNCGSCRHPCPTRDRLCPTQKDSCAGNNCDTLTDPITENSISGKSQCNNICYISDRC
lanA_9,II,MNEMNDKIIGNVEKELDEIEIIDTESIEEKLSFIVYGTIVCC
lanA_10,II,MKTCSERNEQRINSLQLSESLEDEIKELDGKNVEAGDVIFTTDTSSFLTIVCC
lanA_11,II,MKNNKIHLEALEALQELKMEEIDNLLGGAGHGVNTISAECRWNSLQAIFTCC
lanA_12,III,MSKKILELQKMQSKKADKVVSRKSGTSGSCTLKSAISLFC
lanA_13,II,MNPAGNVMKEIKEADLNNFSAGAGEPRVSDGSQFCTSTKECNWGTIMFVCC
lanA_14,II,MKSTNNQSIAEIAAVNSLQEVSMEELDQIIGAGNGVVLTLTHECNLATWTKKLKCC
lanA_15,II,MKQTNDFTETKAVIALQEMSLEEIDQVIGAGNGAVWSLTHECNVNTLTSFFTKCC
lanA_16,II,MRNPMTRCKANDDMAVGYEIKSQDLVGKSGAGVFTAIQLTLAGKCGNHFTGSYECTSNNVSCG
lanA_17,III,MKDLLSLQALIAQPASMTSKRPPCVDTHGNCSTDPNCDPNTHHWHSSWSWFC
lanA_18,II,MENLSVVPSFEELSVEEMEAIQGSGDVQAETTPVCAVAATAAASSAACGWVGGGVFTGVTVVVSLKHC
lanA_19,I,MEKVLDLDVQVKANNNSNDSAGDERITSHSLCTPGCAKTGSFNSFCC
lanA_20,I,MARDFNLDVQALNTQVNAGKDTRLTSIVLCTVSCN
lanA_21,I,MNELFNLDIEVTENNTNSGAIQPMSGISATYPVTTSPGITCQGGRNSSGCPSNSCTGRVGPCQTLSLKL
lanA_22,I,MSTKDFNLDLVEVSKSNTGASARFTSHSLCTPGCISGVLMGCHIQSIGCNIHIHISK
lanA_23,I,MSTKDFNLDLVEVSKSNTGASARITSYSLCTPGCITGVLMGCQFQSAGCNVHVHVSK
lanA_24,I,MSTKDFNLDLVEVSKSNTGASARITSYSLCTPGCITGRLMGCQFQSAGCNVHVHISK
lanA_25,I,MNPFDDFELDIKKISKSNFSPRMCDDPLNGSGGGGTSGPMGSLSCTCASCSCVCITEYTACPSHCNPCSEDPKCQSLEGRCE
lanA_26,I,MENTEFSFELDVTEVSTEQGYVSGGVTSTGCCKD
lanA_27,I,MNKDFDLNLKTDKNTTEGSAPRITSVAYCTPGCITGELCGSSECGLTRNCTGSILCA
lanA_28,I,MNKDFDLNLKADKSTTEGPAPRITSVAYCTPGCITGELCGSSECGLTRNCTGSILCA
lanA_29,I,MNKDFDLNLKTDKNTTEGPAPRITSVAYCTPGCITGELCGSSECGLTRNCTGSILCA
lanA_30,I,MQMNKDFDLNLKADKSTTEGPAPRITSVAYCTPGCITGELCGSSECGLTRNCTGSILCA
lanA_31,I,MGNYNDFDLNIKNIQTQKEDENLRFTSIYTCGDSCSCGDTCYNTCGGLQTSCSGHCR
lanA_32,I,IVLDLSSVLNRKQSMKTVKKGEKKMNKDFDLNLKADKSATEGPAPRITSVAYCTPGCITGELCGSSECGLTRNCTGSILCA
lanA_33,I,MEKAFDLDLEVVHTKAKDVQPDFTSVSFCTPGCGETGSFNSFCC
lanA_34,I,MAKDFDLDVQALTTQEGDGKEPRIKSVVLCTPGCVPTATLCTSCIFACA
lanA_35,I,MAKDFDLDVQALTTQEGDGKEPRIKSVVLCTPGCVPTATLCTSCIFACS
lanA_36,I,MAKLNDFDLDVKVKVDAQKVEPAITSKSLCTPGCITGVLMCITQNSCVSCNSCIKC
lanA_37,I,MAKLNDFDLDVKVKADDTKVGPAITSKSLCTPGCITGVLMCITQNSCVSCNSCIKC
lanA_38,I,MGTYSDFDLDIRSVEPAVHEKITSKVCVHLWEVVQASLDYCDKVSKLICPTDACTVGCSSDTCSACHSYCGAACRRIE
lanA_39,I,MSNFEDFDLDLKQVSTTTNTELLSTTTIIQSLATKCKSVDTPTTGMSNHCCTKANEAAEPRCI
lanA_40,I,MAQYKDFDLDIVKVADTTNENGPQPRITSVSLCTFGCITGTLMCITNTC
lanA_41,I,MGKFDDFDLDVTKTAAQGGIEPKYKSKSACTPGCPTGILMTCPLKTATCGCHITGK
lanA_42,I,MAKFDDFDLDIIEKKVRRDIIPASITSQHSFCTPNCLTGFLCPPKTQLTCTCKLKGQ
lanA_43,I,MAKFDDFDLDIIEKKVGRDIIPASITSQHSFCTPNCLTGFLCPPKTQLTCTCKLKGQ
lanA_44,I,MAKFDDFDLDVTKIKIREGEKQERITSISLCTSSCKTGILATCPFTTGK
lanA_45,I,MAKFDDFDLDVTKIREGEKQERITSISLCTSSCKTAIFATCPFTTGK
lanA_46,I,MAKFDDFDLDVTKIKIREGEKQERITSISLCTSSCRTGILATCPFTTGK
lanA_47,I,MGNFKDFDLDLRNVASGGEAEPSGVSEIMTKITIGVSKMSLKNKCKSVDTPTTGRSAMCCKRTNAAAEPQCI
lanA_48,I,MGNYNDFDLDIKKVQGENDIGPASITTTIILSIKTCTEALSCDGGCSGSDTCGITCGGVGASCSGHCR
lanA_49,I,MSNFEDFDLDLKQVSTTTNTELLSTTTIIQSLATTCKSVDTPTTGMTNYCCTKANEAAEPRCI
lanA_50,I,MAKFDDFDLDVIKTTAKESSAEPRITSKSLCTPGCVTGILMTCAINTATCGCQITGK
lanA_51,I,MAKFDDFDLDVTKTTATESGAEPRITSKSLCTPGCVTGILMTCAINTATCGCQITGK
lanA_52,I,MAKFDDFDLDVTKTTAKEGGAEPRITSKSLCTPGCVTGILMTCAINTATCSCQITGK
lanA_53,I,MTQYKDFDLDIVKVADTTNENGPQPRITSVSLCTFGCITGTLMCITNTCGCSTSK
lanA_54,I,MKKQNDFDLDLRNVENYESTGTLSINTSVPCEFATITIEMTKANKCKSVETPTTGMTSACCKKNAVGPQCI
lanA_55,I,MKKKNDFDLDLRNVENYESTGTLSINTSVPCEFATITIEMTKANKCKSVETPTTGMTSACCKKNAVGPQCI
lanA_56,I,MSNYNDFDLDIRSTHNSGPVDPQSVIPVTVTCNCTYGPICHATELLCTPGNICDITMGCSDGCTGPCQPGEPSETHSYCGAACR
lanA_57,I,MSGYDDFDLDIRKDNSEGKDTSAMRCEITTTTNIVTYLATCVPQCGGSKNNCVTLATVFC
lanA_58,I,MSNYNDFDLDIRSTQNAGSVGPQSVPLTNFTCNCTTGVVCYATNLLCTPGNICDITMGCTDGCSEGCEPGEPSETHSYCGAACR
lanA_59,I,MPNFDDFDLDLRENGDDSVMQTGVSITSDGFCDTDVITSLVSCTRNGQFATCMCSTCCTGHTAPAGCSTGC
lanA_60,I,MGKYEDFDLDLTKIKQNEKNNFTVNGTTTTTSPICSWGLESLINTGDSCMTKKCKTLDCPSTDCSPGDMTTACNGRMDNALRC
lanA_61,I,MNKFDDFDLDIKKIKANSEEELNTKVATTLLTCTMPGVCDTTLVTIATCDNTCMGCGSTRGEECTANTCSACHSYCGSACRR
lanA_62,I,MANYDDFDLDIRKIKGNMEAEPKGTTAICLTTGTATTCTMPTLCDTSIVTLASCDGTCVGCTNTEKPCSANTCSACNSYCGGACRK
lanA_63,I,MTQLFDEFDLDLQKVNKITPLIDSGGDSIAQCSGGGGTDYGSSLCPISGYTLEEGCFPTRTCIFCKD
lanA_64,I,MYIFKKKCFLQDISIRKEGNAMAKFDDFDLDVTKATATENGAEPRITSKSLCTPGCVTGILMTCAINTATCGCQITGK
lanA_65,II,MFAEFEKEEMLNDEDLYINAMNNDSASSYASNVSDSCCC
lanA_66,II,MTIEALYKEIIASDELKSAFVEAAKAQKLGDFLKAQGCEATEAEVIDFIKSLQKGEGELADDELNSVAGGCNGGEAAVSILGFGFMCGMMAMKSSRESPLPKDEWPDGNILCYLG
lanA_67,III,MNKILNLQKMQANKDIVLCAKSSASILCIFLSYLSVANCQNS
lanA_68,II,METKQNYNGDIKAEMEELQKLELTVELEEMAWSTCGGFVTLVCCS
lanA_69,II,MEKKENSLGDVERELQEAGLLSVRTDVAEPYSLSQVLGPSITIACC
lanA_70,Unknown,MKTDEKEMQNVVLEKVDLEDVELMEETVTPSFGIYCPHGWFGFGCH
lanA_71,II,MEYPYSAYPLFPVLQFPYSLASVPHFLTLHTKIVAYLSHLEENPDCMMCAIAWNTAEYLGLNA
lanA_72,II,MEKNREMFMENAGDIFFEMKENELEANGVEAPLVTNSTGFLSIYCC
lanA_73,II,MDENIKYELAEAEKLEVIDNAGVAENEKKSIVTVLLSLSCCGHIMNA
lanA_74,II,MTEEFIGCIEEELKEIELFYEENGVEVEAYTLHNGSFFSICC
lanA_75,I,MHDLFDEFDLEVQKISMDITLYSESGGDSIAVCSGGSGGSSGDASLSYGPTCWNICA
lanA_76,II,MAYANNKFKIRGYNMSKFFRDPIVQNKELNTLKSNTNDILEEIIEIEENIQAGLTVGLTTKLQVSYHLGNNGKFCTFTKECMPSCN
lanA_77,II,MKNSKDVLNNAIEEVSEKELMEVAGGKKGPGWIATITDDCPNSIFVCC
lanA_78,I,MKTLKNIQLSDFDLEEEFDDDIFVELSAAGDGSRASKTFNSATSNWASVGAALSALVSKGPGNATNGYTELKCC
lanA_79,I,MSTLKLCDTLYVFCQRGICFGMYFYMLGGEIYFEKNENTFCSPTWKYGLWCGMFSNAF
lanA_80,II,MADGRVLEMYAGNLLEEMQEIQKIIPEDQENELVSSHTVGCGAFLTIYCC
lanA_81,II,MCEYRSSKEKWKMADSRVLEMYAGNLLEEMQEIEKMIPGDQENEIVSSHTVGCSAFLTIYCC
lanA_82,II,MADSRVLEMYAGNLLEEMQEIEKMIPEDQENEIVSSHTVGCSAFLTIYCC
lanA_83,II,MSINEKSIVGESFEDLSAADMAMLTGRNDDGVAPASLSFAVSVLSVSFSACSATVVTRLASCGNCK
lanA_84,II,MRKFDRTNMKYNNPAGDLLTELEAADLTSNKVDSLASSGVVCTISVECGSIFTLACC
lanA_85,II,MKEKVQYDCAGNLKEEITEVENLISQENEFAEAASYTLNCTHFLTILCC
lanA_86,II,MRNDVLTLTNPMEEKELEQILGGGNGVLKTISHECNMNTWQFLFTCC
lanA_87,I,MEITKKDFDFDFSEVEFEKPEISCEGVTSTGCCKPAPTNS
lanA_88,II,MKEENSLRFAGDLFEEVNEMSRIVPEGDIAEIVNSHTAVCSTFLTIYCC
lanA_89,II,MKENKNLEFAGDLMAEVQEAQNVCCSDNGVERGRTTSWDCSGFLTIICC
lanA_90,II,MKNTKKAQTVSCAGDIAKELNEIKNMQEAVPYYLSILTNTCSEFYTIVCC
lanA_91,II,MHRDPIVHLHSGSLFPSVVSISHKADFTYIPKVPSMTECFYDLTVICFQMLQDFICQLIITLNFHKKQSGEFRKLF
lanA_92,II,MEGGANMKTPKIVARGWTCVGCAGCTACWASATAISHVSAANIFG
lanA_93,II,MKENKNLEFAGDLLVEMQEVQKINCSDNVVDRGRTYTLQCTAFLTIFCC
lanA_94,II,MSEMRNPITREENFSNPAGNVMMELQEADLNKFVAGAGETRNSGGVLCTSTAECYFGTLLKPCCPKK
lanA_95,II,MKGEITMSEMRNPITREENFSNPAGNVMMELQEADLNKFVAGAGETRNSGGVLCTSTAECYFGTLLKPCCPKK
lanA_96,II,MKGEIIMSEMRNPITREENFSNPAGNVMMELQEADLNKFVAGAGETRNSGGVLCTSTAECYFGTLLKPCCPKK
lanA_97,II,MDNAVLKEIMVAQVKQLYELGIVDDSFIGLDSAPIAANTKQNNPKSFTKDKFNPEKQPKADPGCALGVHAASNQHNERRYSSTGDTKVMCWWTASLGCRSTN
lanA_98,I,MGKFEDFNFDVTKTVKPQSSKTPRITSKSLCTSSCETGFFKCVLTK
lanA_99,II,MNKKINPCGNSMRELSTEELVNIYGADTATPISTIPCSVAKTVSVVSKSVVNSSKVCIGASLSAISGIFSYNKECLG
lanA_100,I,MKKFKVIEESRFLNKQNLKQIVGGKCIGDTNFTICEPGAQLAGGFSTNPMCPGQLRWGTCDIGWDYQGAGACFNNFVTEPCSAKKQYIGPIAPPLG
lanA_101,II,MSKKVENWKKAIYSKSENLDNPAGDIFRELSDSELDGIMAGGTANTYCHCYSGKHSCGRACTVTTECPIATIICC
lanA_102,I,MSVNDFKLDLVKVSKESTNSNYSVKITSYSLCTPGCKTGALMGCTMKTASCGCHVHISK
lanA_103,I,MDDLFNLEIKISEGERPTAQPSTRYYCPTYTPVPTGSCSEYCPSAYKVCTYPRSKTCMIAANNREGK
lanA_104,I,MKEIKKLVLNKETITNLNDSQMNQIRGQGATSVMSALICNSIDCIICKPNPKPTPKPSPTPGPETGGCSHTTEWTCQP
lanA_105,I,MKSQKKLELKKETIEILSQNSVRRIQGGCSKGEITVKKPTDGTCNNCFPTITCEPSVDVCPTKDAKCKSDMHCSEFACASATVCGDTTQAIDCRHVGA
lanA_106,I,MKTLKLKKDVVSRLDREQSAMVKGGADTTVIQQTKVCALTKQCETARCVSATGCESDNVTACVEVSKNGCMISQGGSCIQSECVCLETVNATCDCE
lanA_107,II,MKKKFRKVVAVISATVMVLAMGVVSVNASDIQPRAMLCPNCGSAMTNVREVFQTRVIEVKCTHGYLHGTDSLTQRKYQDTPTCPTCHLRGNPSYTGFITVSTKCGGYN
lanA_108,I,MKTLKLKKDVVSRLDREQSAMVKGGAGQTTIIPATNYCAGTQKNCATKDQLGLCVSATTCKSDNVIACVEVSKNDCIVSGGSCIQTKCDCLNTYALTCNCE
lanA_109,I,MKTLKLKKDVVSRLDREQSAMVKGGAGTTVIQQTKVCALTKQCETARCVSATGCKSDIVTACVEVTNDGCIYTQGGSCIQSECVCLETVKVTCNCE
lanA_110,I,MKNSKKLRLKKEIVEALTPIAARYVQGGCSKGEITVISKDCGNKTQKCTLDRSEEH
lanA_111,I,MKKLMKLSLKKEKIQELEKDSMNSLKGGYHTAGPYCVSLWYTSCGSGCSSGTKQS
lanA_112,I,MKKLKLKKVTLSEVPADSLNGINGGDQQNQSIIQTIASLTVSIIMSSVITSGIHCNSSATRPNNSETSRCLCNP
lanA_113,I,MKNSKKLRLKKEIVEALTPIAARYVQGGCSKGEITVISKDCGNKTQKCTLDCSLGTCDPQTGTNCPSAYTCAEICGGSVVRCIGDLE
lanA_114,I,MKKLKLEKLKLNDLSAGDQKNVLGGNVQPASWVTTTTISIASYLINSCIECTDTLQNGCFTQEPGHQDSCGLCTTNYRCY
lanA_115,II,MKNNEKNFIGDINKELEEIEKLDILEEIEESLLTMLGSVNSLFCCH
lanA_116,II,MPGMPYKIKSIVARKLESVNHFHYYLCRQLKGGGMEITMSEMYLKRNEEIALLSSGDLEYELQQLEGLNGTNNTEDIYISIDNASFFTIFCC
lanA_117,II,MNTDVLVEMTDTELDAILGAGDGVVKTLTHECHLNSFTWFLRCC
lanA_118,II,MKDLRNPIERRNFTHPAGNTMTELKEAELNNFAAGAGEPRNSGGMFCTSTGECNMGTLNIFCC
lanA_119,II,MKENKNLEFAGDLMAEVQEAQKVCCPDKGIERGRTTTSDCALFLTIFCC
lanA_120,II,MQKEERKMELTGDLLQEFEEVQKLVNEEVGVPYSTWTRACTSFCTIICCN
lanA_121,II,MNKKNVVGESMRELSHNELNEIYGGDDPTVSPQSTFICSALFTAVGSYLTTAILCKE
lanA_122,II,MKNDFVIGKSLKELSLEEMQLVYGGTDGADPRSTIICSATLSFIASYLGSAQTRCGKDNKKK
lanA_123,II,MENLSVVPSFEELSVEEMEAIQGSGDVQAETTPVCAVAATAAASSAACGWVGGGIFTGVTVVVSLKHC
lanA_124,II,MNKKNVVGESMRELSHNELNEIYGGDDPTVSPRSTFICSALFTAVGSYLTTAILCKE
lanA_125,II,MKKNICGEISLEELKALSEQDEVQGGTATPATPYIIEGTIAASVALCPTTKCTSKCRL
lanA_126,II,MPYKIKSIVARKLESVNHFHYYLCRQLKGGGMEITMSEMYLKRNEEIALLSSGDLEYELQQLEGLNGTNNTEDIYISIDNASFFTIFCC
lanA_127,II,METKQNYNGDIKTEMEELEKLNCTQSEELEEGFRTLGGSAFTIICCY
lanA_128,II,MKMNEGQMLEYAGDLSVEMEEIRKLYAEKKEQEEAASFTYRCQTFLTIICC
lanA_129,II,MKENKNLEFAGDLMAEVQEAQKVCCSESGIERGRTTTSDCSGFLTIFCC
lanA_130,II,MSKKMMRNPIGRNIENPAGNVMQELSEAELDKVTGGKVIDYKSNVKSCGFFCTITGECQGSKIFTCCN
lanA_131,II,MKSTNNQSIAEIAAVNSLQEVSMEELDQIIGAGHGVVLTLTHECNLATWTKKLRCC
lanA_132,I,MSKYSEFDLDLKQDTSDAGGASPAAIPTAEAVCWWISLSVAVCGTVSDAIDCLSKNSDCSDTRSQCSPCGSSIVGVARC
lanA_133,I,MAKFEDFDLDVTKTAAQGGIEPKYKSKSVCTPGCPTGILMTCPLKTATCGCHITGK
lanA_134,I,MNNEDFNLDLVTISKENNSGASPRVTSKSLCTPGCKTGILMTCAIKTATCGCHFG
lanA_135,I,MAKFDDFDLDVTKTAAGEGGVEPRITSKSLCTPGCVTGILMTCPVQTATCGCQITGK
lanA_136,I,MAKFDDFDLDVTRMESGNNKTQPRITSISLCTSGCKTAFFGTCSFTKDK
lanA_137,I,MAKFDDFDLDVTKTAAQGGIEPKYKSKSACTPGCPTGILMTCPLKTATCGCHITGK
lanA_138,I,MVTVDLDTRVEEVEEAVCPHITSKFLCAPGCPTGGIACFTAQCANGCGISVGCKWLVALSQQSALEGRHPRPYLQGRFL
lanA_139,I,MNKDFDLDLKMDKGSVDVGESKIASIVYCTSGCLTGTTCETSECGITRSCTNTVLCY
lanA_140,I,MKNTIKDFDLNLKSTKNEDASPSVGSRYLCTPGSCWKWVCFTTTVK
lanA_141,I,MAKFDDFDLDVTKTAAQGGIEPKYKSKSVCTPGCPTGILMTCPLKTATCGCHITGK
lanA_142,I,MSTKDFNLDLVSVSKKNSGASPRITSISLCTPGCKTGAVMGCNMKTATCNCSIHVSK
lanA_143,I,MSTKDFNLDLVSVSKKDSGASPRITSISLCTPGCKTGALMGCNMKTATCHCSIHVSK
lanA_144,I,MATKDFNLDLVEVSKSNTGASTRITSHSFCSQACKTYKILGCNLLTHGCRFPR
lanA_145,I,MSTKDFNLDLVSVSKKDSGASPRITSISLCTPGCKTGALMGCNMKTATCNCSIHVSK
lanA_146,I,MSNTQLLEVLGTETFDVQEDLFAFDTTDTTIVASNDDPDTRFSSLSLCSLGCTGVKNPSFNSYCC
lanA_147,II,MSINEKSIVGESFEDLSAADMAMLTGRNDDGVAPASLSFAVSVLSVSFSACSVTVVTRLASCGNCK
lanA_148,II,MENLNVVPSFEELSVEEMEAIQGSGDVQAETTPVCAVAATAAASSAACGWVGGGIFTGVTVVVSLKHC
lanA_149,II,MENFKKYDELTEEEMRNLQGTEDVQAETTPVCAFTAASSIACADVITVTISFATCR
lanA_150,II,MNNEKNKNNQNNVVSGVAFDDLTVAEMAEVQGAGDMEGETTTPVCVAISTAYASIHITKTFKGKC
lanA_151,II,MSESKKKPLEKEKTNQEELGKKFEDLTPEEMQKIQGSGDMQTEGSLDLILSRSPYVCRKK
lanA_152,II,MDEKQLDSLVGQKFEDLSKEEMNFIAGGNDNARISPTIILSAATVASAASSFVGSYTLSAFTKCR
lanA_153,II,MEAEKIVGMQFEDLSKEEMNFIAGGNNNARISPTIVTPVTPYTSYVASAAGSAALSAVSGLVSYTKKCF
lanA_154,II,MKNDFVIGKSLKELSLEEMQLVYGGTDGADPRSSIICSATLSFIASYLGSAQTRCGKDNKKK
lanA_155,II,MTNFNSNEKFCGKSLKSLSADEMSLIYGASDGAEPLWTPTPTILKSAARSSKVCISAIISGIGGIFSYNNDCLG
lanA_156,II,MLNKENQENYYSNKLELVGPSFEELSLEEMEAIQGSGDVQAETTPACFTIGLGVGALFSAKFC
lanA_157,II,MFTNNKEVVPSFEDLSLEEMYALQDDTGVEAEISPSTTSSAFCVGAGLGALTTLTIKKC
lanA_158,I,MSTKDFNLDLVSVSKTDAGASPRVTSVFMCTPGCVTGALMGCNLQTATCNCHVHISK
lanA_159,I,MKNTIKDFDLDLKTTKNNSDEPLVGSRYLCTPGSCWKLVCFTTTVK
lanA_160,II,MGKMDDFDLDLRKIAENGNSANALSASDMITSEIISKVTETITRTFKGQCVSVETPTTGMTSACCKKGGTDVEPQCVP
lanA_161,I,MANYDDFDLDIRKIKGNMEAEPKGTAAICLTTGTATTCTMPTLCDTSIVTLASCDGTCVGCTNTEKPCSANTCSACNSYCGGACRK
lanA_162,I,MGNYSDFDLDIRSGEPAEPAAITSKACEVLWEMATASIDYCGKISELICPTDACTVGCSSDTCSACHSYCGAACRRIG
lanA_163,II,MKRKELIMGKYDEFDLDIKEVKANSSKGTARSTWGCVEKSIEISQFVTNALSCQSCGVCSAGGRSQCAPCTGSSKGSQARC
lanA_164,III,MNKIIDMQSIEEVNDDAVHDSGYSYSFCFGRPSSTSGFFC
lanA_165,Unknown,MKEVNDKKESMKPMSQAAVELDDEALDQVSGGLKRLDSDWKPEITEICKLCGSTRNVRGGLCLACKNKC
lanA_166,Unknown,MEERYELKEEEVNVYTAECGKIQEFCLQDCIDGSAWLSIES
lanA_167,II,MNEELKYEEILLELKEAEKLDIDEMEDAPVISYGGGYGTFICC
lanA_168,II,MEQNEKKELRSLNVELPTLYVEELEQRLETDPLAIGGLLSGDFDGVEAYSCGKDCDEFTCDVHCDDHCSEHCGRFHCSVD
lanA_169,Unknown,MREQRDEQEPRELFNAEVSIYTDDCGEIQFHCLNDCLGGGAWLNIEY
lanA_170,Unknown,MNELKEKEAQELSKEEINVYAAGCGEIQNHCKNDCFGGGSFLNPDY
lanA_171,II,MKENLNMAELNKMSDIGSTDSDGQIAPASIGTSIAATITVCSKVSAATLATVQITLTLSDAFSCGKGCK
lanA_172,Unknown,MKEVNDKKESMKPMSQAAVELDDEALDQVSGGLKRLDSSWKPEITEVCKLCGSTRNVRGGLCLACKNKC
lanA_173,Unknown,MKEVNDKKESMKPMSQAAVELDDEALDQVSGGLKRLDSDWKPEITEVCKLCGSTRNVRGGLCLACKNKC
lanA_174,II,MSRNVKNWKLPVYEMNEVESSNPAGNSFQELKEMELEDYTGAGTANTHCNCYSEDASCGRLCTGTAECPIMTIICC
lanA_175,Unknown,MKERRDEQEARELLMAEVSIYTDDCGEIQFHCLNDCLGGGAWLNIEY
lanA_176,II,MKKNYRNPMTRPENFMNPAGNVMKEIKEADLNNFSAGAGEPRVSDGSQFCTSTKECNWGTIMFVCC
lanA_177,II,MKEKVQYDCAGNLMEEITEVENLISQENEFAEAVSYTLNCTHFLTILCC
lanA_178,Unknown,MKEANDKKESMKPVSQAVVELDDEALDQVSGGLKRLDSDWKPEITEVCKLCGSTRNVRGGLCLACKNKC
lanA_179,Unknown,MNEKLELTEEEVNVYSDDCGKIQVDCLNDCIDGSAWLSIES
lanA_180,Unknown,MSNFDLDLKQVSTTTNTELLSTTTILQSLANTCKSVDTPTTGMTNYCCTKANEAAEPRCI
lanA_181,II,MQREEKNVEITGDLSLEFKEMQKLVDEEVGVPYSTWSKACTTFFTIICC
lanA_182,II,MEHREEMNCGGDLCKEMLELDKLLRASDSEEMMGGTHTIGCAALLTIYCC
lanA_183,II,MENRKNENSMNLAGDIRKEMDEIQKMQATIPYYLTIVTNTCSDIRTIICC
lanA_184,Unknown,MSNFEDFDLDLKQVSTTTNTELLSTTTILQSLATTCKSVDTPTTGMTNYCCTKANEAAEPRCI
lanA_185,II,MRDEENNETLINNEQVAWFEEVADQSFDDDVFGACTTNTFSLSDYWGNKGNWCTATHECMGWCK
lanA_186,II,MNNDKQNEPNVDLELGKYLEADLISLTDDEVTGGGTPTITIPISIAVSGWISDKTCPTSVCTRAC
lanA_187,I,MSKYDEFDLDIKRDKKDVGKASSTAGQNAAANVPSPAVTQVRTCTRCTSSYVGVARC
lanA_188,Unknown,MKEANDKKESMKPVSQAAVELDDEALDQVSGGLKRLDSDWKPEITEVCKLCGSTRNVRGGLCLACKNKC
lanA_189,II,MEKYYEIDEAVLMNSIHDITEVELKELISDENMYIRTMTNVCPTSFLTCC
lanA_190,I,MARFDDFDLDVTKIIRTPNAMPASTVGSHSLCSTQFLCPQTLTCGCQITGK
lanA_191,Unknown,AEQMTLTTRTQLEAYEEGLTADHPFTEKETKAVSYETEQQSTKANQMAVNFLVKPLMKIKRKSLFVPVVFLIGNLMSLVVPSFEELSVEEMEAIQGSGDVQAETTPVCAVAATAAASSAACTPVSASISTPVEPTVFVKQRTSKQV
lanA_192,II,MAKQQMNLVEIEAMNSLQELTLEELDNVLGAGGGVIQTIVLSNQFYSDKTMVIVSHRLDILNYVDSIIFVDKSSGDVIKDTHDNLIYRNQNYRKLFGLKEKVHND
lanA_193,I,MGKFDDFDLDVTKTAAQGGIEPKYKSKSACTPGCPTGILMTCPLKTAT
lanA_194,I,KNTEEKKMAKFDDFDLDVTKTAAQGGIEPKYKSKSACTPGCPTGILMTCPLKTATCGCHITGK
lanA_195,I,MLNRKQSMKTVKKGEKKMNKDFDLNLKADKSATEGPAPRITSVAYCTPGCITGGLCGSSECGLTRN
lanA_196,I,MAKFEDFDLDVTKTAARGGIEPKYKSKSACTPGCPTGILMTCPLKTATCGCHIT
lanA_197,I,MNKDFDLNLKADKSATEGPAPRITSVAYCTPGC
lanA_198,I,MNKDFDLNLKADKSATEGPAPRITSVAYCTPGCITGELCGSSECGLTRNCTGSI
lanA_199,I,MNKDFDLNLKADKSATEGPAPRITSVAYCTPGCITGELCGSSECGLTRNCTGSILCA
lanA_200,I,MNKDFDLNLKADKSTTEGPAPRITSVAYCTPGCITGELCGSSECGLTRNCTGSMLCA
lanA_201,I,MQMNKDFDLNLKADKSATEGPAPRITSVAYCTPG
lanA_202,I,MSANDFNLDLVSASKSNSGASPRITSVSLCTPGCKTGALMGCNMKTASCGCQVHVSK
lanA_203,I,MLLLNNLRSVTHMKKEDIMSNTQLLEVLGTETFDVQEDLFAFDTTDTTIVASNDDPDTRFKSLILCTPCCARTGSFNSYCC
lanA_204,I,MLAAQSFDIRGINMLNTQLLEVLGTKTFDVQEDLFEFNITDTIVLQASDSPDTHSKVGSFNICPPRKISVSFNSYCC
lanA_205,I,MSTKDFNLDLVSVSKKDSGASPRITSISLCTPGCKTG
lanA_206,I,MVTVDLDTRIEEVEETVRPQITSKFLCTPGCPTGSIACFTTQCTNGCSISVGCKWLAALSQQSALEVKHPRPYLQGRFL
lanA_207,I,KKEDIMSNTQLLEVLGTETFDVQEDLFAFDTTDTTIVASNDDPDTRFSSLSLCSLGCTGVKNPSFNSYCC
lanA_208,I,EVLGTKTFDVQEDLFEFNITDTIVLQASDSPDTHSKVGSFSICPPRKTSVSFNSYCC
lanA_209,I,MAKFDDFDLDVTKTTAKESSAEPRITSKSLCTPGCVTGILMTCAINTATC
lanA_210,I,NAMAKFDDFDLDVTKTTATENGAEPRITSKSLCTPGCVTGILMTCAINTATCGCQITGK
lanA_211,I,DDFDLDVTKTTAKESSAEPRITSKSLCTPGCVTGILMTCAINTATCGCQITGK
lanA_212,I,MLNTQLLEVLGTKTFDVQEDLFEFNITDTIVLQASDSPDTHSKVGSFSICPPRKTSVSFNSYC
lanA_213,I,MAKFDDFDLDVTKTTAKEGGAEPRITSKSLCTPGCVTGILMTCAINTATCGCQITGK
lanA_214,I,MSTKDFNLDLVSVSKTDAGASPRVTSVFMCTPGCVTGALMGCNLQ
lanA_215,I,MIMFERTENLIKEVLQMSTKDFNLDLVSVSKTDAGASPRVTSVFMCTPGCVTGALMGCNLQTATCNCHVHISK
lanA_216,I,MVTVDLDTRVEVVEETVRPQITSKFLCTPGCPTGGIARFTIQCTNGYSISIGCKWLVALSQQSGRG
lanA_217,I,MAKDFDLDVQALTTQEGDGKEPRIKSVVLCTPGCVPTAT
lanA_218,I,MAQYKDFDLDIVKVADTTNENGPQPRITSVSLCTFGCITGTLMCITNTCGCSTSVKFH
lanA_219,I,MAKFDDFDLDVTRIGAGNNKTQPRITSISLCTSGCKTAFF
lanA_220,I,MIALQVTFCFPNIFKFRELGEVVVTVDLDTRIEEVEETVRPQITSKFLCTPGCPTGSIACFTTQCTNGCSISVGCKWLAALSQQSALEVKHPRPYLQGRFL
lanA_221,I,MLLLNNLRSVTHMKKEDIMSNTQLLEVLGTETFDVQEDLFAFDTTDTTIVASNDDPDTRFSSLSLCSLGCTGVKNPSFNSYCC
lanA_222,I,TKTFDVQEDLFEFNITDTIVLQVSDSPGTHSKVGSFSICPPRKTSVSFNSYCC
lanA_223,I,MSNDDFNLDLVKVTKDNSGASPRITSVSLCTPGCVTGVLMCP
lanA_224,I,YKEALKMSTKDFNLDLVSVSKKDSGASPRITSISLCTPGCKTGALMGCNMKTATCHCSIHVSK
lanA_225,I,MAKDFDLDVQALTTQEGDGKEPRIKSVVLCTPGCVPTA
lanA_226,I,SQNRQVFHLLLLLSFLFGTTKRRLFANRPKASSPSSSGLSLNVMAKDFDLDVQALTTQEGDGKEPRIKSVVLCTPGCVPTATLCTSCIFACS
lanA_227,I,MYIFKKKCFLQDISIRKEGNAMAKFDDFDLDVTKTTATENGAEPRITSKSLCTPGCVTGILMTCAINTATCGCQITGK
lanA_228,I,MVTVDLDTRVEEVEETLRPQITSKFLCTPGCPTGGIACFTTQCTNGCIISVGCKWLVALSQQSALEVKHPRPYLQGRFL
lanA_229,I,MAKYNDFDLDIVKVSDKNNDSAQPRVTSVSLCTFGCITGTLMCITNTCGCSTK
lanA_230,I,MAKFDDFDLDVTKTAAQGGIELKYKSKSACTPGCPTGILMTCPLKTATCGCHITGK
lanA_231,I,MNKDFDLNLKMEKDSSEEPTPRIKSVVWCTPGCITGELCGSSECGLTKNCTASWLCG
lanA_232,I,MVTVDLGTRVEEVEETVRPQITSKFLCTPGCPTGGIACFTTQCTNGYSISVGCKWLVALSQQSALGVK
lanA_233,I,MAKYNDFDLDIVKVSDKNNDNAQPRVTSVSLCT
lanA_234,I,MKNTIKDFDLNLKSTKNEDASPSVGSRYLCTPGSCWKWVCVTTTFK
lanA_235,I,MAQYKDFDLDIVKVADSANEEGPQPRVTSVSLCTFGCITGTLMCITNTCGCSTSK
lanA_236,I,LHTNIIFKEDKHMAQYKDFDLDIVKVANSANEEGPQPRVTSVSLCTFGCITGTLMCITNTCGCSTSK
lanA_237,I,MAQYKDFDLDIVKVTNTTTLDDPQPRITTVILCTAGCKAL
lanA_238,I,MNKDFDLNLKADKSTTEGSAPRITSVAYCTPGCITGELCGSSECG
lanA_239,I,MERKNGKEEIIMAKDFDLDVQALTTQEGDGKEPRIKSVVLCTPGCVPTATLCTSCIFACA
lanA_240,I,EEIIMAKDFDLDVQALTTQEGDGKEPRIKSVVLCTPGCVPTATLCTSCIFACS
lanA_241,I,MGKFDDFDLDVTKTAAQGGIEPKYKSKSACTPGCPTGIL
lanA_242,I,MAKYNDFDLDIVKVSDKNNDNAQPRVTSVSLCTFGCITGTLMCITNTCGCSTK
lanA_243,I,MAKFDDFDLDVTKTTATENGAEPRITSKSLCTPGCVTGILMTCAINTATCGCQI
lanA_244,I,MAKFDDFDLDVTKATATENGAEPRITSKSLCTPGCVTGILMTCAINTATCGCQITGK
lanA_245,I,LDVTKTTATENGAEPRITSKSLCTPGCVTGILMTCAINTATCGCQITGK
lanA_246,I,MAKFDDFDLDVTKTTATESGAEPRITSKS
lanA_247,I,MAKDFDLDVQALTTQEGDGKEPRIKSVVLCTPGCVPTATLCTSC
lanA_248,I,MSTKDFNLDLVSVSKKDSGASPRITSISLCTPGCKTGALMGCNMKTA
lanA_249,I,MAKFDDFDLDVTKTAAQGGIEPKYKSKSACTPGCPTGILM
lanA_250,I,NTEEKKMAKFDDFDLDVTKTAAQGGIEPKYKSKSACTPGCPTGILMTCPLKTATCGCHITGK
lanA_251,I,MAKFDDFDLDVTKTAAGEGGVEPRITSKSLCT
lanA_252,I,MTKFDDFNLGLKEVKNGSEQDVQPRWQSKSFCTPGCKTGLLMGCNMKSLTCKCGFHISK
lanA_253,I,MAKFDDFDLDVTKTAAQGGIEPKYKSKSACTPGCPTGILMTCPLKTATCGCHI
lanA_254,I,MAKFDDFDLDVTKTAAQGGIEPKYKSKSACTPGC
lanA_255,I,MGKFDDFDLDVTKTAAQGGIEPKYKSKSACTPGC
lanA_256,I,KMAKFDDFDLDVTKTAAQGGIEPKYKSKSACTPGCPTGILMTCPLKTATCGCHITGK
lanA_257,I,MAKFDDFDLDVTKTAAQGGIEPKYKSKSACTPGCPTGILMTCPLKTATCGCH
lanA_258,I,MGKFDDFDLDVTKTAAQGGIEPKYKSKSACTPGCPTGILMRSEERRVGK
lanA_259,I,EVVVTVDLETRVEVVEETVRPQITSKFLCTPGCPTGGIARFTIQCTNGYSISIGCKWLVALSQQSALEVKRPRPYLQGRFL
lanA_260,I,MVTVDLDTRVEEVEETLRPQITSKFLCTPGCPTGG
lanA_261,I,MVPFDLDTRVEEVEEAVCPQIASKFLCTPGRPTGGIARFTTQ
lanA_262,I,TLAAALHPNKHCTLILFKEDKHMAQYKDFDLDIVKVTDSANEEGTQPRITSVSLCTFGCITGTLMCITNTCGCSTSK
lanA_263,I,MSANDFNLDLVSASKSNSGASPRITSVSLCTPGCKTGALMGCNMKTA
lanA_264,I,FKLDLVKVSKESTNSNYSVKITSYSLCTPGCKTGALMGCTMKTASCGCHVHISK
lanA_265,I,MAKFDDFDLDVTKTAAQGGIEPKYKSKSACTPGCPTGILMTCPLKTAT
lanA_266,I,MRMPYHRKIIKNTEEKKMAKFDDFDLDVTKTAAQGGIEPKYKSKSACTPGCPTGILMTCPLKTATCGCHITGK
lanA_267,I,MVPFDLDTRVEEVEEAVCPQIASKFLCAPGCPTGGIARFTTQCTNVCSISVGFKQLVALSQQLALEVRHPRPYL
lanA_268,I,MAKFDDFDLDVTKTTATENGAEPRITSKSLCTPGCVTGILMTCAINTATCGCQITG
lanA_269,I,MAKFDDFDLDVTKTTATENGAEPRITSKSLCTPGCVTGILMTCAINTATCGCQITGK
lanA_270,I,DFDLDVTKTTATENGAEPRITSKSLCTPGCVTGILMTCAINTATCGCQITGK
lanA_271,I,VTKTTATENGAEPRITSKSLCTPGCVTGILMTCAINTATCGCQITGK
lanA_272,I,VTKTAAQGGIELKYKSKSACTPGCPTGILMTCPLKTATCGCHITGK
lanA_273,I,MSANDFNLDLVSASKSNSGASPRITSVSLCTPGCKTGALMGCNMKTASCGCHVHVSK
lanA_274,I,MAQYKDFDLDIVKVADTTNENGPQPRITSVSLCTFGCITGTLMCITN
lanA_275,I,MTQYKDFDLDIVKVADTTNENGPQPRITSVSLCTFGCITGTLMCITNTC
lanA_276,I,MAKFDDFDLDVTKTAAQGGIEPKYKSKSACTPGCPTGILMTCPLKTATCGC
lanA_277,I,MGKFDDFDLDVTKTAAQGGIEPKYKSKSACTPGCPTGILMTCPLKTATCGCHITG
lanA_278,I,DDFDLDVTKTAAQGGIEPKYKSKSACTPGCPTGILMTCPLKTATCGCHITGK
lanA_279,I,MKNTIKDFDLNLKSTKNEDASPSVGSRYLCTPGSC
lanA_280,I,RIAKNIFKKKCFLQDIFTGKEENAMAKFDDFDLDVTKTTATESGAEPRITSKSLCTPGCVTGILMTCAINTATCGCQITGK
lanA_281,I,MSNDDFNLDLVKVTKDNSGASPRYKSISFCTPGCVTGVLMCPGNTISCNGHCSIHITG
lanA_282,I,MAKFDDFDLDVTKTAAQGGIEPKYKSKSACTPGCPTGILMTCP
lanA_283,I,MGKFDDFDLDVTKTAAQGGIEPKYKSKSACTPGCPTGILMTCP
lanA_284,I,EEKKMAKFDDFDLDVTKTAAQGGIEPKYKSKSACTPGCPTGILMTCPLKTATCGCHITGK
lanA_285,I,MAKFDDFDLDVTKTAAQGGIELKYKSKSACTPGCPTGILMTCPLKTATCG
lanA_286,I,MGKFDDFDLDVTKTAAQGGIELKYKSKSACTPGCPTGILMTCPLKTRSEE
lanA_287,I,DDFDLDVTKTAAQGGIELKYKSKSACTPGCPTGILMTCPLKTATCGCHITGK
lanA_288,II,MKKDAIIESIKEVSLEELDQIIGAGNGVFKTISHECHLNTWAFLATCCS
lanA_289,II,MQYEYMAVPVYMLLKRRINDMRNDVLTLTNPMEEKELEQILGGGNGVLKTISHECNMNTWQFLFTCC
lanA_290,II,MKKDVVIESIKEVSLEELDQIIGAGNGVFKTISHECHLNTWAFLATCCS
lanA_291,II,CTKAIEALQEFQVEELDSLLGSGKGHGVNTISAECRWNSLQVIFTCC
lanA_292,II,MQNKYEAVDSIKEISLEELDQIIGAGKNGVFKTISHEYRMNSFQFYSLVVLNVMSLVILDVATKRGKPLFVFSFKGGTFLLLSY
lanA_293,II,MKKDIEKMTNPMTEEELEAVLGGGNGIVNTLTHECHVNSWAVTEWFTCC
lanA_294,II,GEEAMKKDIEKMTNPMTEEELEAVLGGGNGIVNTLTHECHVNSWAVTEWFTCCD
lanA_295,II,MKKDIEKMTNPMTEEELEAVLGGGNGIVNTLTHECHVNSWAVTEWFTCCD
lanA_296,II,MKNSKDILNNAIEEVSEKELMEVAGGKRGPGWIATITDDCPNSVFVCC
lanA_297,II,MIAMKNSKDILNNAIEEVSEKELMEVAGGKRGPGWIATITDDCPNSVFVCC
lanA_298,II,DIEKMTNPMTEEELEAVLGGGNGIVNTLTHECHVNSWAVTEWFTCCD
lanA_299,II,KMTNPMTEEELEAVLGGGNGIVNTLTHECHVNSWAVTEWFTCCD
lanA_300,II,MKKDIEKMTNPMTEEELEAVLGGGNGIVNTLTHECHVNSWAVT
lanA_301,II,MVKQQMNLVEIEAMNSLQELTLEELDNVLGAGGGVIQIHFIQTKQW
lanA_302,II,VKQQMNLVEIEAMNSLQELTLEELDNVLGAGGGVIQIHFIQTKQW
lanA_303,II,MVKQQMNLVEIEAMNSLRELTLEELDNVLGAGGGVIQIHFIQTKQW
lanA_304,II,MAKQQKNLVEIEVMNSLQELTLEELDNVLGACSVIIHFIQTKQW
lanA_305,II,MKKDVVIESIKEVSLEELDQIIGAGNSVFKTISHECHLNTWAFLATCCS
lanA_306,II,MIAMKNSKDILNNAIEEVSEKELMEVAGGKRGTGWFATITDDCPNSVFVCC
lanA_307,II,NIYYILTEGRMIAMKNSKDILNNAIEEVSEKELMEVAGGKRGTGWFATITDDCPNSVFVCC
lanA_308,II,RKEENTMIREYEVTDVELEEATGAGNGSGWLPTITDDCPNSIFVCC
lanA_309,II,MIREYEVTDVELEEATGAGNGSGWLPTITDDCPNSIFVCC
lanA_310,II,MRNDVLNLINPMEESELEQILGGGDGVFKTISHECNMNTWQFIFTCC
lanA_311,II,MEKETTIIESIQEVSLEELDQIIGAGKNGVFKTISHECHLNTWAFLATCCS
lanA_312,II,MSNINMQAVAALDELSDAELDQVLGAGVGVFYTLTHECHMNSLQRRLTCCS
lanA_313,II,MIAMRSAKVRKRGGIMQNKYEAVDSIKEISLEELDQIIGAGKNGVFKTISHEYRMNSFQFYSLVVLNVMSLVILDVATKRGKPLFVFSFKGGTFLLLSY
lanA_314,II,MKNNNKICQDALESLQELKLEEVDELLGG
lanA_315,II,MKNTTNEMLELIQEVSLDELDQVIGGMGKGAVGTISHECRYNSWAFLATCCS
lanA_316,II,MKQSNEMLELIQEVSLDELDQVIGGMGKGAVGTISHECRYNSWAFLATCCS
lanA_317,II,MRNDVLTLTNPMEENELEQILGGGNGVLKTISHECNMNTWQFLFTCC
lanA_318,II,MKKGTQLYLEALEALQEIKVEELDTFIGGGGRASNTISSDCRWNSLQAIFSCC
lanA_319,II,MSNINMQAAAALDELSDAELDQVLGAGVGVFYTLTHECHMNSLQRRLTCCS
lanA_320,II,ENIMSNINMQAAAALDELSDAELDQVLGAGVGVFYTLTHECHMNSLQRRLTCCS
lanA_321,II,MSNINMQAAAALDELSDAELDQVLGAGVGVFYTLTHECHMNSLQ
lanA_322,II,ELDQVIGGAGNGVIRTITQGCRMPNNMQFLFTC
lanA_323,II,LEELDQIIGAGKNGVFKTISHEYRMNSFQFYSLVVLNVMSLVILDVATKRGKPLFVFSFKGGTFLLLSY
lanA_324,II,MKKDIEKMTNPMTEEELEAVLGGGNGIVNTLTHECH
lanA_325,II,MNKEYVANVTEEELEQATGAGSGWIRTLTDDCPNSVIVCC
lanA_326,II,RKGEHTMNKEYVANVTEEELEQATGAGSGWIRTLTDDCPNSVIVCC
lanA_327,II,MQNKYEAVDSIKEISLEELDQIIGAGKNG
lanA_328,II,MKKDIEKMTNPMTEEELEAVLGGGN
lanA_329,II,MIVYYHNLIREKKGEKNMRNDVLTLTNPMEEKELEQILGGGNGVLKTISHECNMNTWQFLFTCC
lanA_330,II,KIMKKDAIIESIKEVSLEELDQIIGAGNGVFKTISHECHLNTWAFLATCCS
lanA_331,II,HLEALEALQELKMEEIDNLLGGAGHGVNTISAECRWNSLQAIFTCC
lanA_332,II,MKKDAIIESIKEVSLEELDQIIGAGNGVFKTISHECHLNTWAFLA
lanA_333,II,MKQSNEMLELIQEVSLDELDQVIGGAGNGVIRTITQGCRMPNNMQVLFTC
lanA_334,II,MKNSKDILNNAIEEVSEKELMEVAGGKRGTGWFATITDDCPNSVFVCC
lanA_335,II,MLSLNNAIEEVSEKELMEVAGGKRGSGWIATITDDCPNSVFVCC
lanA_336,II,MPWKTQKIFWTMLSLNNAIEEVSEKELMEVAGGKRGSGWIATITDDCPNSVFVCC
lanA_337,II,MTEEELEAVLGGGNGIVNTLTHECHVNSWAVTEWFTCCD
lanA_338,II,MKKDVVIESIKEVSLEELDQIIGAGNGVFKTIS
lanA_339,II,MKNTTNEMLELIQEVSLDELDQVIGGMGKGAVG
lanA_340,II,MAKQQMNLVEIEVMNSLQELTLEELDNVLGADSGIIHFI
lanA_341,II,MAKQQMNLVEIEVMNSLQELTLEELDNVLG
lanA_342,II,MQNKYEAVDSIKEISLEELDQIIGAGKNGVFKTISHEYRMNSFQFYSLVVLNVMSLVILDVATKRGKPLFVFSFKRSEERRVGK
lanA_343,II,MKTNYEVTVEELEQATGAGSGWIRTLTDDCPNSVIVCC
lanA_344,II,MYKRYNEEIIDDLAEMSDAEIEDLLGAGCGIVCTLTLDCNTGTLGRWWGCC
lanA_345,II,MRNDVLTLTNPMEENELEQILGGGNGVLKTISHECNMNT
lanA_346,II,QEMSLEEIDQVIGAGNGAVWSLTHECNVNTLTSFFTKCC
lanA_347,II,EENTMIREYEVTDVELEEATGAGNGSGWLPTITDDCPNSIFVCC
lanA_348,II,FQMVKQQMNLVEIEAMNSLQELTLEELDNVLGAGDGVIQIHFIQTKQW
lanA_349,II,MIREYEVTDVELEEATGAGNGSGWLPTITDDCPNSIF
lanA_350,II,MENKKITPEMLEKAKNASGAEELDNVAGGGCGQPSGVKCHSNRTAAGSSRVQTINEEGEWNMENKKVTSEMLEKARTAADAEELALIAKEYGMELTKEQAQELYGRLHPPVGELTDEELDKIAGGFIRPRYKNKFEPFL
lanA_351,II,KEGSLMKQSNEMLELIQEVSLDELDQVIGGMGKGAVGTISHECRYNSWAFLATCCS
lanA_352,II,MKQSDEMLELIQEVSLDELDQVIGGMGKGAVGTISHECRYNSWAFLATCCS
lanA_353,II,MKKGTQLYLEALEALQEIKVEELDTFIGGGGRASNTISSDCRWNSLKAIFSCC
lanA_354,II,IQEVSLDELDQVIGGMGKGAVGTISHECRYNSWAFLATCCS
lanA_355,II,MKQSDEMLELIQEVSLDELDQVIGGAGNGVIRTITQGCRMPNNMQVLFTC
lanA_356,II,KKGEEAMKKDIEKMTNPMTEEELEAVLGGGNGIVNTLTHECHVNSWAVTEWFTCCD
lanA_357,II,MKKDIEKMTNPMTEEELEAVLGGGNGIVNTLTHE
lanA_358,II,LEALQELKMEEIDNLLGGAGHGVNTIRSNRVILTPRSQLRVRVV
lanA_359,II,MIHYVRKLFDQIFYAVYIIRRCLTMEKLNHNAVTSLNEVSDSELDTILGGSRWQYYRKSKLKISY
lanA_360,II,MAKQQMNLIEIEAMNSLQELDNVLGAGGGAIQTIVLSNQFYSDKTMVIVITN
lanA_361,II,MSEIKQNITNELSEEELENVAGGFGRPTMDDP
lanA_362,II,MKKEYELMNTIQEISLEELDQIIGAGKNGVFKTISHECHMNSFQFFFTCCS
lanA_363,II,EGRINMRNDILELTNPMEEKELEQILGGGDGVIKTISHECAMNTWQFIFTCCS
lanA_364,II,MRINKEMCCEAVNVLQEIQIDELDILLGGGKGHGVNTISAECRWNSLQAIFTCC
lanA_365,II,MNKNMTGDVLAEMTDAEFDSIIGAGNGVVTTISHECNMNSWQFLFTCCG
lanA_366,II,MQNKYEAVDSIKEISLEELDQIIGAGKNGVFKTISHEYRMNSFQFYSLVVLNVMSLVIL
lanA_367,II,MQNKYEAVDSIKEISLEELDQIIGAGKNGVFKTISHEYHMNSFQFYSLVVLNVMSLVILDVATKRGKPLFVFSFKGGTFLLLSY
lanA_368,II,LGAAGHGVNTISAECRWNSLQAIFTCC
lanA_369,II,MKKEYELMNTIQEVSLDELEQIIGAGKNG
lanA_370,II,REKVTLMKQSDEMLELIQEVSLDELDQVIGGMGKGAVGTISHECRYNSWAFLATCCS
lanA_371,II,MKNTTNEMLELIQEVSLDELDQVIGGMGKGAVGTISHECRYNSWAFLA
lanA_372,II,KGTQLYLEALEALQEIKVEELDTFIGGGGRASNTISSDCRWNSLQAIFSCC
lanA_373,II,MRNDVLTLTNPMEEKELEQILGGGNGVLKTISHECNM
lanA_374,II,LDSLLGSGKGHGVNTISAECHWKNLQVIFTCY
lanA_375,II,MKQSNEMLELIQEVSLDELDQV
lanA_376,II,MKKDVVNMTNPMTEEELESVLGGGNGIINTLTHECHVNSWVVTDWFTCCD
lanA_377,II,MKKDIVNMTDPMTEEELESVLGGGNGIINTLTHECHVNSWVVTDWFTCCD
lanA_378,II,MKLNENALSSLEEVTENELDTILGARKSGVINTVSHECNMNSWQFVFTCCA
lanA_379,II,MKKDIEKMTNPMTEEELEAVLGGGNGIVNTLTHECHVNSWAVTEWFT
lanA_380,II,MKKDIEKMTNPMTEEELEAVLGGGNGIVNTLTHECHVNS
lanA_381,II,LLGSGKGHGVNTISAECRWNSLQVIFTCC
lanA_382,II,MKKDAIIESIKEVSLEELDQIIGAGDGVFKTI
lanA_383,II,IIGAGKNGVFKTISHEYRMNSFQFYSLVVLNVMSLVILDVATKRGKPLFVFSFKGGTFLLLSY
lanA_384,II,MSNINMQAVSALDELSDAELDQVLGAEGVVTTISHECNMNSWQFIFTCCS
lanA_385,II,LDELSDAELDQVLGAEGVVTTISHECNMNSWQFIFTCCS
lanA_386,II,MMNATENQIFVETVSDQELEMLIGGADRGWIKTLTKDCPNVISSICAGTIITACKNCA
lanA_387,II,MKNNNKICQDALESLQELKLEEVDELLGGWPDIIKL
lanA_388,II,MRNDVLTLTNPMEEKELEQILGGGNGVLNTISHECNMNTWQFLFTCC
lanA_389,II,NGRKRTGADFGWRQWCVKNNQPRIQYEHMAVPVYMLLKRRINDMRNDVLTLTNPMEEKELEQILGGGNGVLKTISHECNMNTWQFLFTCC
lanA_390,II,DVLTLTNPMEEKELEQILGGGNGVLKTISHECNMNTWQFLFTCC
lanA_391,II,MKKDIEKMTNPMTEEELEAVLGGGNGIVNTLTHECHVNSWAVTE
lanA_392,II,GKGHGVNTISAECHWKNLQVIFTCY
lanA_393,II,GKNGVFKTISHEYRMNSFQFYSLVVLNVMSLVILDVATKRGKPLFVFSFKGGTFLLLSY
lanA_394,II,NDMRNDVLTLTNPMEEKELEQILGGGNGVLKTISHECNMNTWQFLFTCC
lanA_395,II,MKSTNNQSIAEIAAVNSLQEVSMEELDQIIGAGNGVVLTLTHECNLATWTGTS
lanA_396,II,MKKDIEKMTNPMTEEELEAVLGGGNGIVNTLTHEC
lanA_397,II,MRNDVLTLTNPMEEKELEQILGGGNGHHPAHLLSELWF
lanA_398,II,MENKKITPEMLEKAKNASGAEELDNVAGGGCGQPSGVKCHSNRTAAGSSRVQTINEEGEWNMENKKVTSEMLEKARTAADAEELALIAKEYGMELTKEQAQELYGRLHPPVGELTDEELDKIAGGFIRPRYKNKFEPF
lanA_399,II,SEVKNMKKGTQLYLEALEALQEIKVEELDTFIGGGGRASNTISSDCRWNSLQAIFSCC
lanA_400,II,EELDQIIGAGNGVFKTISHECHLNTWAFLATCCS
lanA_401,II,LKKGEEAMKKDIEKMTNPMTEEELEAVLGGGNGIVNTLTHECHVNSWAVTEWFTCCD
lanA_402,II,PMTEEELEAVLGGGNGIVNTLTHECHVNSWAVTEWFTCCD
lanA_403,II,MNKEYVVSVTEEELEQATGAGSGWIRTLTDDCPNSVIVCC
lanA_404,II,MTADILVEMTDAELDATLGAGNGVFHTISHE
lanA_405,II,MQNKYDDQILDNLAELSDTEIEELLGAGWGSIFSFTHECNTNTDRKSVV
lanA_406,II,KDIEKMTNPMTEEELEAVLGGGNGIVNTLTHECHVNSWAVTEWFTCCD
lanA_407,II,MKQTNDFTETKAVIALQEMSLEEIDQVIGAGNGAVWSLTHECNVNTLTSF
lanA_408,II,MSRKGEHTMNKEYVANVTEEELEQATGAGSGWIRTLTDDCPNSVIVCC
lanA_409,II,MVKQQMNLVEIEAMNSLQELTLEELDNVLGAGGGVIQIHFIQTKQ
lanA_410,II,KNNNKICQDALESLQELKLEEVDELLGG
lanA_411,II,MKKEYELMNTIQEVSLDELEQIIGAGKNGVFKTISHECHMNSFQFFFTCCS
lanA_412,II,QEVSLDELEQIIGAGKNGVFKTISHECHMNSFQFFFTCCS
lanA_413,II,IQIDELDILLGGGKGHGVNTISAECRWNSLQAIFTCC
lanA_414,II,EELDQIIGAGKNGVFKTISHEYRMNSFQFYSLVVLNVMSLVILDVATKRGKPLFVFSFKGGTFLLLSY
lanA_415,II,MKKEYELMNTIQEISLEELDQIIGAGKNGV
lanA_416,II,LKIILGFLNIIFKISTYNGIVTKEDTTTTRKEYIIMKNTTNEMLELIQEVSLDELDQVIGGMGKGAVGTISHECRYNSWAFLATCCS
lanA_417,II,MKGEEAMKKYIEKMTNPMTEEELEAVLGGGNGIVNTLTHECHVNSWAVTEWFTCCD
lanA_418,II,DSIKEISLEELDQIIGAGKNGVFKTISHEYRMNSFQFYSLVVLNVMSLVILDVATKRGKPLFVFSFKGGTFLLLSY
lanA_419,II,LSEFSYCMLLISEKGEHIMNKEYVVSVTEEELEQATGAGSGWIRTLTDDCPNSVIVCC
lanA_420,II,MKKDIEKMTNPMTEEELEAVLGGGNGIVNTLTH
lanA_421,II,MNKEYVVSVTEEELEQATGAGSGWIRTL
lanA_422,II,IKVEELDTFIGGGGRASNTISSDCRWNSLQAIFSCC
lanA_423,II,MRNDVLTLTNPMEEKELEQILGGGNGVLKTISHE
lanA_424,II,MKQSNEMLELIQEVSLDELDQVIGGMGKGAV
lanA_425,II,FLNIIFKISTYNGIVTKEDTTTTRKEYIIMKNTTNEMLELIQEVSLDELDQVIGGMGKGAVGTISHECRYNSWAFLATCCS
lanA_426,II,INDMRNDVLTLTNPMEEKELEQILGGGNGVLKTISHECNMNTWQFLFTCC
lanA_427,II,VLTLTNPMEEKELEQILGGGNGVLKTISHECNMNTWQFLFTCC
lanA_428,II,MRNDVLTLTNPMEEKELEQILGGGNGVLKTISHECNMNTWQFLF
lanA_429,II,MKQSDEMLELIQEVSLDELDQVIGGAGNGVIRTITQG
lanA_430,II,MRNDVLTLTNPMEEKELEQILGGGNGVLKTI
lanA_431,II,MNTDVLVEMTDTELDAILGAGDGVVKTLTHECHLNSFTWFPRCC
lanA_432,II,KEENTMIREYEVTDVELEEATGAGNGSGWLPTITDDCPNSIFVCC
lanA_433,II,MIREYEVTDVELEEATGAGNGSGWLPTITDDCPNS
lanA_434,II,QKGEWMPWKTQKIFWTMLSLNNALEEVSEKELMEVAGGKRGSGWIATITDDCPNSVFVCC
lanA_435,II,MLLMSRKGEHTMNKEYVANVTEEELEQATGAGSGWIRTLTDDCPNSVIVCC
lanA_436,II,VANVTEEELEQATGAGSGWIRTLTDDCPNSVIVCC
lanA_437,II,KRKEENTMIREYEVTDVELEEATGAGNGSGWLPTITDDCPNSIFVCC
lanA_438,II,MIREYEVTDVELEEATGAGNGSGWLPTITDDCPNSIFVC
lanA_439,II,MVKQQMNLVEIEAMNSLQELTLEELDNVLCAGGGVIQIHFIQTKQW
lanA_440,II,MQYEHMAIPVYLLLKRRINDMRNDVLTLTNPMEENELEQILGGGNGVLKTISHECNMNTWQFLFTCC
lanA_441,II,MTADILVEMTDAELDATLGAGNGVFHTISHECYYNSWAFIFTCC
lanA_442,II,KKDIEKMTNPMTEEELEAVLGGGNGIVNTLTHECHVNSWAVTEWFTCCD
lanA_443,II,MNAMKNSKDILNNAIEEVSEKELMEVAGGKRGPGWIATITDDCPNSVFVCC
lanA_444,II,MKKDIEKMTNPMTEEELEAVLGGGNGIVNTLTHECHVNSWAVTEWFTC
lanA_445,II,MKKDIEKMTNPMTEEELEAVLGGGNGIVNTLTHECHVN
lanA_446,II,MNTDVLVEMTDTELDAILGAGDGVVKTLTHECHLNYRK
lanA_447,II,MAKQQMNLVEIEAMNSLQELTLEELDNVRGAGGGVIQTIVLK
lanA_448,II,TMIREYEVTDVELEEATGAGNGSGWLPTITDDCPNSIFVCC
lanA_449,II,MVKQQMNLVEMEAMNSLQELTLEELDNVLGVGGGVIQIHFIQTKQW
lanA_450,II,MVKQQMNLVEIEAMNSLRELTLEELDNVLGACCGVIQIHFIQTKQW
lanA_451,II,FRERKIMKKDAIIESIKEVSLEELDQIIGAGNGVFKTISHECHLNTWAFLATCCS
lanA_452,II,AEIAAVNSLQEVSMEELDQIIGAGNGVVLTLTHECNLATWTKKLKCC
lanA_453,II,MKKDAIIESIKEVSLEELDQIIGAGNGVFKTISHECHLNTW
lanA_454,II,MKSTNNQSIAEIAAVNSLQEVSMEELDQIIGAGNGVVLTLTHECNLATWTKK
lanA_455,II,MRNDVLTLTNPMEEKELEQILGGGNGVLKTISHECNMN
lanA_456,II,MVKQQMNLVEIEAMNSLQELTLEELDNVLGAGGG
lanA_457,II,SIKEVSLEELDQIIGAGNGVFKTISHECHLNTWAFLATCCS
lanA_458,II,MKKGTQLYLEALEALQEIKVEELDTFIGGGGR
lanA_459,II,EYEVTDVELEEATGAGVGPGWLPTITDDCPNSVIICC
lanA_460,II,MSREYEVTDVELEEATGAGVGPGWLPTITDDCPNSVIICC
lanA_461,II,MSEIKQNITNELSEEELENIAGGFGHPTMDDPR
lanA_462,II,EGSLMKQSNEMLELIQEVSLDELDQVIGGAGNGVIRTITQGCRMPNNMQVLFTC
lanA_463,II,QSNEMLELIQEVSLDELDQVIGGAGNGVIRTITQGCRMPNNMQVLFTC
lanA_464,II,MKQSNEMLELIQEVSLDELDQVIGGAGNGVIRTITQGCRMPNNMQVLFT
lanA_465,II,MKQSNEMLELIQEVSLDELDQVIGGAGNGVIRTITQGCRMPN
lanA_466,II,LEALQEIKVEELDTFIGGGGRASNTISSDCRWNSLQAVNR
lanA_467,II,MEELDQIIGAGKGVVLTLTHECNKA
lanA_468,II,MSEIKQNITNELSEEELENIAGGFGHPTMDD
lanA_469,II,MKKNIEKMTNPMTEEELEAVLGGGNGIVNTLTHECHVNSWAVTEWFTCCD
lanA_470,II,VTDVELEEATGAGNGSGWLPTITDDCPNSIFVCC
lanA_471,II,MKKETTIIESIQEVSLEELDQIIGAGKNGVFKTISHECHLNTWAFLATCCS
lanA_472,II,MQYEHMAVPVYLLLKRRINDMRNDVLTLTNPMEENELEQILGGGNGVLKTISHECNMNTWQFLFTCC
lanA_473,II,MKNNNKICQDALESLQELKLEEVDELLGGAGHGVNTISAECRWNSLQAIFSCC
lanA_474,II,MQNKYEAVDSIKEISLEELDQIIGAGKNGVFKTISHEYRMNSFQFYSLVVLNVMSLVILDVATKRGKPL
lanA_475,II,MSEIKQNITNELSEEELENVAGGFGRPTMD
lanA_476,II,MSEIKQNITNELSEEELENVAGGFGRPTMISSHPA
lanA_477,I,MNNSLFDLDLKKGVETQKNDLSPQSASVLKTAVKTSKKFCKGVTLTCGCNITGGK
lanA_478,II,IMKEIQKAGLQEELSILMDDANNLEQLTAGIGTTVVNSTFSIVLGNKGYICTVTVECMRNCSK
lanA_479,II,MVKKENSYKNVSWIEEIQDQNFNDDVFGACSTNTFTLSDFLGNDGGWCTISVECMAWCH
lanA_480,II,MKNPIEQKNYDVNVLEEIDDNAVVAGANTTWKLSPVSDALGNKGAVCTGTIECQNNCR
lanA_481,II,MKELKNIGLGDELITLIEDTEQLELMSGSGWTIVAKSIVSCSWASLALGNDGWVCSWTAECQSTCR
lanA_482,II,MNKRDAFETYQEKGNLKEMSPMMEEEIMDIETGIQAGCTTNTFSLSDFLGNTGGWCTATKECMPSCN
lanA_483,II,MKEIQKAGLQEELSILMDDANNLEQLTAGIGTTVVNSTFSIVLGNKGYICTVTVECMRNCSK
lanA_484,II,MRNPRNMTNVEEICSLAEELENHNATLEDENGAGKSKEWGNDGYLCSVTVECMVICNW
lanA_485,II,MIGEKKMKNPKNVTDVEEVCSLAEEIENHSATLEDENGAGKSKEWGNDGYLCSVTVECMVICNW
lanA_486,II,EKKMKNPKNVTDVEEVCSLAEEIENHSATLEDENGAGKSKEWGNDGYICYVTVECMVICNW
lanA_487,II,MKNLKNSGLQEDYLSLIEETKDLELISGAGWGGVAKSITSCSILSITLGNNGWVCTWTAECQKGCK
lanA_488,II,ICFLGKENKDMEKVNMNCDDLFTEVDASASFQAEVVNGAGQSLVTTIVQGLLGCGVSYLLGNQGYGCTVTDECVNNCRLP
lanA_489,II,MEKVNMNCDDLFTEVDASASFQAEVVNGAGQSLVTTIVQGLLGCGVSYLLGNQGYGCTVTDECVNNCRLP
lanA_490,II,MTNFNSNEKFCGKSLKSLSADEMSLIYGASDGAEPHWTPTPMILKTALRSSKVCLSAIISGIGGIVSYNNDCLG
lanA_491,II,MLNKENQENYYSNKLELVGPSFEELSLEEMEAIQGSGDVQAETTPVCAVAATAAASSAACGWVGGGIFTGVTVVVSLKHC
lanA_492,II,MKDDFVIGKSLKELSHEEMQLVYGGTDGADPRSTIICSATLSFIASYLGSAQTRCGKDNKKK
lanA_493,II,GNSMRELSTEELVNIYGADTATPISTIPCSVAKTVSVVSKSVVNSSKVCIGASLSAISGIFSYNKECLG
lanA_494,II,AETTPVCAVAATAAASSAACGWVGGGIFTGVTVVVSLKHC
lanA_495,II,LKSLSADEMSLIYGASDGAEPLWTPTPTILKSAARSSKVCISAIISGIGGIFSYNNDCLG
lanA_496,II,MENLSVVPSFEELSVEEMEAIQGSGDVQAETTPVCAVAATAAASSAACGWVGGGIFTGVTVVV
lanA_497,II,MENLSVVPSFEELSVEEMEAIQGSGDVQAETTPACFTIGLGVGALFSAKFC
lanA_498,II,MSNENKKQNELSGKAFDELTVAEMAEVQGAGDMEGETTTPVCVAISTAYASIYITKTFKGKC
lanA_499,II,MKNDFVIGKSLKELSLEEMQLVYGGTDGADPRSSIICSATLSFIASYLGSAQTRCGKDN
lanA_500,II,MPEINMEKVVGEKFEDMSIAEMMLVQGSGDVNGEITTSPACVAVSKVVSKVSAAATKSSRPCAQAASGILSFSAASAVSAVKC
lanA_501,II,MSEINTKEIVGETFEDMSIAEMALVQGSGDVEPETLVSISQALSAAAVTWSFGISVAKTIKGKC
lanA_502,II,MTNFNSNEKFCGKSLKSLSADEMSLIYGASDGAEPHWTPTPIIVKSAAASSKVCISAIISGIGGLVSYNKDCLG
lanA_503,II,MKNDFVIGKSLKELSLEEMQLVYGGTDGADPRSTIICSATLSF
lanA_504,II,MKNDFVIGKSLKELSLEEMQLVYGGTDG
lanA_505,II,SLNKENQENYYSNKLELVGPSFEELSLEEMEAIQGSGDVQAETTPACFTIGLGVGALFSAKFC
lanA_506,II,MANVNIENVIKHIDFQKIKEEKKNGKSLEEILKGIDLKPIIREEMVKINPDVQDEEIESVVKEIDLIKVLGSILENENVSKEIAGKFFEDLSEEEMTMLQGAGDVDVEVTPTITTSSTPCIGAVSAVTGGILSWAKC
lanA_507,II,STVLNKENQENYYSNKLELVGPSFEELSLEEMEAIQGSG
lanA_508,II,MKNDFVIGKSLKELSLEEMQLVYGGTDGADPRSTIICSATLSFIAS
lanA_509,II,MKDNKKELNVITGVAFDDMSIDEMAEVQGAGDVEGEVTTPICAVAVTASLSIQVAKTLKGKC
lanA_510,II,MKKEGSMQMKNENIIGKSFVELDQAEMDFISGAEGTVEPQATPTISSVACIRVSVGVSAAGASFVTSFVASATSNCD
lanA_511,II,MQMKNENIIGKSFVELDQAEMDFISGAEGTVEPQATPTISSVACIRVSVGVSAAGASFVTSFVASATSNCDLLRILA
lanA_512,II,VGLSFTELNQEEMDFISGAEGTVEPQATPTIASPFTPYAIEISIGATVSAVSGLVSYTKDCL
lanA_513,II,EMEAIQGSGDVQAETTPACFTIGLGVGALFSAKFC
lanA_514,II,MNNQKLNELVGKSFEDLSIEEMEKLQGGADAQVASTPSILFSVASTVASATLSGQVSQAISTLVTAAVKCA
lanA_515,II,FEDMSITEMTMVQGSGDDISGEFTTSPACVALSVAFSQQSSVKCASAASAISGAISGAVISIVKC
lanA_516,II,MKNDFVIGKSLKELSLEEMQLVYG
lanA_517,II,MNNQKLNELVGKSFEDLSIEEMEELQGGSNIQVASTPTVVVPISTV
lanA_518,II,MTNFNSNEKFCGKSLKSLSADEMSLIYGASDGAEPRWTPTPLILKSAAASSKVCISALVSGIGGLVSYNNDCLG
lanA_519,II,MENLSVVPSFEELSVEEMEAIQGSGDVQAETTPVCAVAATAAASSAACGWVGGGIFTGVTVVVSLKNC
lanA_520,II,LSVVPSFEELSVEEMEAIQGSGDVQAETTPVCAVAATAAASSAACGWVGGGIFTGVTVVVSLKHC
lanA_521,II,ASDGAEPLWTPTPTILKSAARSSKVCISAIISGIGGIFSYNNDCLG
lanA_522,II,MSKINVENIMKYIDLEKIEEEKKKGKSIEDILKRIDLRPIIKAEMEKTDSAVTDEEVEKVVEGIDLVKVLQGILSNEKVAGCSFDELSEEEMRILQGAGDVDVEISPTPVITTSSAGCIAAVSAVTGGILSLAKC
lanA_523,II,MINSNFNLNDVVGETFEDLSISEMVQVQGSGDVSAETSLPCLYSMYYATLSSMQCAAGASLATGVILSIAKC
lanA_524,II,MSTDKNKKEKRDLNAVSGVAFDDLSIDEMEKIQGAGDVEGEVFTTPVCIASASAAISIYISKTFKGKC
lanA_525,II,MNNQKLNELVGKSFEDLSIEEMEKLQGGADAQVASTPSILFSVASTVASATL
lanA_526,II,MNNQKLNELVGKSFEDLSIEEMEELQGGSNIQVASTPTVVVPISTVEVSQAVSTLLSAASVSLASYIASKADKCK
lanA_527,II,MKEIQLNTVVGETFEDLSISEMVQVQGSGDVSVETTYVCATAVSFAFGIGIVKTCKGKC
lanA_528,II,MLNECDFREELVGKPFELLSVSEMEEVQGGNWFSDIGESSGACFTVITASSGWCSAGAVVGTVLYSIMKCGG
lanA_529,II,MSNMNIESVIKNLDLKKIDEERKNGKSVEEILKGIDLKPIIREEMAKVNPDVEEKEIDEVVSQINLAKVAEEINKVKIHMEEFTGKSFEDLSEEDMRMLQGAGDIEGEFTPATITTSSYPCIGAVSAVASGVLSFAKC
lanA_530,II,MSNMNIESVIKNLDLKKIDEERKNGKSVEEILKGIDLKPIIREEMAKVNPDVEEKEIDEVVSQINLAKVAEEINKVKIHMEEFTGKSFEDLSEEDMRMLQGAGDIEGEFTPATITTSSY
lanA_531,II,MNKKINPCGNSMRELSTEELVNIYGADTATPISTIPCSVAKTVSVVSKSVVNSSKVCI
lanA_532,II,MSEIKINKIVGDSFEDMSITEMTMVQGSGDDISGEFTTSPACVALSVAFSQQSSVKCASAASAISGAISGAVISIVKC
lanA_533,II,MMKDNKKELNVITGVAFDDMSIDEMAEVQGAGDVEGEVTTPICAVAVTASLSIQVAKTLKGKC
lanA_534,II,MNKKINPCGNSMRELSTEELVNIYGADTATPISTIPCSVAKTVSVVSKSVVNSSKVCIGASLSAIS
lanA_535,II,MNNQKLNELVGKSFEDLSIEEMEELQGGSNIQVASTPTVVVPISTVEVSQAVSTLLS
lanA_536,II,KSFEDLSIEEMEELQGGSNIQVASTPTVVVPISTVEVSQAVSTLLSAASVSLASYIASKADKCK
lanA_537,II,MNKKINPCGNSMRELSTEELVNIYGADTATPISTIPCSVAKTVSVVSKSVVNSSKVCIGASLSAISGIFSYNKECL
lanA_538,II,MKNDFVIGKSLKELSLEEMQLVYGGTDGADPRSSIICSATLSFIASYLGSAQT
lanA_539,II,MENKTKLVGKSFEELSVEEMMELQGAADIEPRSAIVVISTIEVSEAISVLVSTISAATVSIANSKKKCK
lanA_540,II,MSKKNISELVGKSYEELSVEEMYLLQGANGEDIPQPYATPVIISLTVASAGLSGAVSKAVSTLITVAASCV
lanA_541,II,MENLNVVPSFEELSVEEMEAIQGSGGVQAETTPVCAVAATAAASSAACGWVGGGIFTGVTV
lanA_542,II,MADVIEEMEAIQGSGDVQAETTPVCAVAATAAASSAACGWVGGGIF
lanA_543,II,EAIQGSGDVQAETTPVCAVAATAAASSAACGWVGGGIFTGVTVVVSLKHC
lanA_544,II,MLNKENQENYYSNKLELVGPSFEELSLEEMEAIQGSGDVQAE
lanA_545,II,EEILKGIDLKPIIREEMVKINPDVQDEEIESVVKEIDLIKVLGSILENENVSKEIAGKFFEDLSEEEMTMLQGAGDVDVEVTPTITTSSTPCIGAVSAVTGGILSWAKC
lanA_546,II,MANLNIENVIKHIDFQKIKEEKKNGKSLEEILKGIDLKPIIREEMVKINPDVQDEEIESVVKEIDLIKVLGSILENENVSKEIAGKFFEDLSEEEMTMLQGAGDVDVEVTPTITTSSTPCIGAVSAVTGGILSWAKC
lanA_547,II,DVQAETTPVCAVAATAAASSAACGWAGGGIFTGVTVVVSLKHC
lanA_548,II,AIQGSGDVQAETTPACFTIGLGVGALFSAKFC
lanA_549,II,MLNKENQENYYSNKLELVGPSFEELSLEEMEAIQ
lanA_550,II,MNNQELVGKKFEELSMEEMEFVVGGSGNERITPTVTVSIAASASLASSFVGSFTLSAFTKCRD
lanA_551,II,MENLSVVPSFEELSVEEMEAIQGSGDVQ
lanA_552,II,MNSDKVVGLKFEDLSEEQMTHIAGGNGNERITPTVTTVTPYTSYIASASASGAVSAVSGLISYTKKCI
lanA_553,II,MTNFNSNEKFCGKSLKSLSADEMSLIY
lanA_554,II,MKNDFVIGKSLKELSLEEMQLVYGGTDGADPRSTIICSATLSFIASYLGSAQTRCGKDN
lanA_555,II,MSEIKINKIVGDSFEDMSITEMTMVQGSGDDISGEFTTSPACVALSVAFSQQSSVKCASAASAI
lanA_556,II,MENLSVVPSFEELSVEEMEAIQGSGDVQAETTPVCAVAATAAASSAACGWVGGGIFTGVTVVVSLKHCYNIL
lanA_557,II,MLNKENQENYYSKKLELVGPSFEELSLEEMEAIQGSGDVQAETTPACFTIGLGVGALFSAKFC
lanA_558,II,MLNKENQENYYSNKLELVGPSFEELSLEEMEAIQGSGDVQAETTPACFTIGLGVGE
lanA_559,II,EDLSLEEMEAIQGSGDVQAETTPACFTIGLGVGALFSAKFC
lanA_560,II,MINEIDVNKYAGDSFEEMSIAEMTLVQGSGDMSAELTPTTPACFASIIYTARASSASCANAISAISSAISGAIISAVKC
lanA_561,II,MLDVQDSIVTGAAFEDMSIAEMTRVQGSGDISPETTPACVLIISNVISGAAVSFNFSVNVVKTLKGKC
lanA_562,II,FPTRRSSDLAETTPVCAVAATAAASSAACGWVGGGIFTGVTVVVSLKHC
lanA_563,II,MINEIDVNKYAGDSFEEMSIAEMTLVQGSGD
lanA_564,II,VRIMENLNVVPSFEELSVEEMEAIQGSGDVQAETTPVCAVAATAAASSAACGWVGGGIFTGVTVVVSLKHC
lanA_565,II,MLNKENQENYYSNKLELVGPSFEELSLEEMEAIQGSGDVQAETTPACFTIGLG
lanA_566,II,MNKKINPCGSSMRELSTEELVNIYGADTATPISTIPCSVAKTVSVVSKSVVNSSKVCIGASLSAISGIFSYNKECLG
lanA_567,II,MEAIQGSGDVQAETTPACFTIGLGVGALFSAKFC
lanA_568,II,MLNKENQENYYSNKLELVGPSFEELSLEEME
lanA_569,II,MLNKENQENYYSNKLELVGPSFEELSLEEMEAIQGSGDVQAETTPACFTIGL
lanA_570,II,MLNKENQENYYSNKLELVGPSFEELSLEEMEAIQGSGDVQAETTPACFT
lanA_571,II,LSLEEMEAIQGSGDVQAETTPACFTIGLGVGALFSAKFC
lanA_572,II,MPLFFLFIVALPKRQFNLAKVAEEINNVKIHMEEFTGKSFEDLSEEDMRMLQGAGDIEGEFTPATITTSSYPCIGAVSAVASGVLSFAKC
lanA_573,II,MSNTKKEKKNFNVVTGAAFDDLSIDEMEKIQGAGDVEGEVLTTPVCIASASAAISIYISKTVKGKC
lanA_574,II,GDVQAETTPVCAVAATAAASSAACGWVGGGIFTGVTVVVSLKHC
lanA_575,II,MANINIEEVMKHIDLKKIEEEKKRGKNITDILKAIDLRPVIKAEMEKSNPAVTDEEVEKVVQEIDLVKVFQNILSNEKVSGCSFDELSEEEMRILEGAGDVDVEVTPTPV
lanA_576,II,MMKDNKKELNVITGVAFDDMSIDEMAEVQGAGDVEREVTTPICAVAVTASLSIQ
lanA_577,II,MTNFNSNEKFCGKSLKSLSADEMSLIYGASDGAEPHWTPTPIIVKSAAASSKVCI
lanA_578,II,KKINPCGNSMRELSTEELVNIYGADTATPISTIPCSVAKTVSVVSKSVVNSSKVCIGASLSAISGIFSYNKECLG
lanA_579,II,MNKKINPCGNSMRELSTEELVNIYGADTATPISTIPCSVAKTVSVVSKSVVNSSKV
lanA_580,II,MTNFNSNEKFCGKSLKSLSADEMSLIYGASDGAEPRSEEH
lanA_581,II,GDVQAETTPACFTIGLGVGALFSAKFC
lanA_582,II,MLNKENQENYYSNKLELVGPSFEELSLEEMEAIQGSGDVQAETTPVCAVAATAA
lanA_583,II,EMEAIQGSGDVQAETTPVCAVAATAAASSAACGWVGGGIFTGVTVVVSLKHC
lanA_584,II,MENLSVVPSFEELSVEEMEAIQGSGDVQAETTPVCA
lanA_585,II,EEMEAIQGSGDVQAETTPACFTIGLGVGALFSAKFC
lanA_586,II,MENLSVVPSFEELSVEEMEAIQGSGDVQAET
lanA_587,II,MKGRDCIMEAEKIVGMQFEDLSKEEMNFIAGGNNNARISPTIVTPVTPYTSYVASAAGSAALSAVSGLVSYTKKCF
lanA_588,II,NLSVVPSFEELSVEEMEAIQGSGDVQAETTPVCAVAATAAASSAACGWVGGGIFTGVTVVVSLKHC
lanA_589,II,MENLNVVPSFEELSVEEMEAIQGSGDVQAETTPVCAVAATAAASSAACGWVG
lanA_590,II,MENLSVVPSFEELSVEEMEAIQGSGDVQAETTPVCAVAATA
lanA_591,II,INLAKVAEEINKVKIHMEEFTGKSFEDLSEEDMRMLQGAGDIEGEFTPATITTSSYPCIGAVSAVASGVLSFAKC
lanA_592,II,MKGENETSDTNVKKVVGETFEDMSVTEMSMVQGAGDVNGEISTSPVCVAASASSAECAAAVSAISGAVSGAIVS
lanA_593,II,MNSKNVNNLVGKSFEELSVDEMMEMQGAANAEVNSTVVIPISTIEVSEAVSVLVSALSAATVSVVASKK
lanA_594,II,MTNFNSNEKCSGKSLKSLSADEMSLIYGASDGAEPHWTPTPIIVKSAAASSKVCISAIISGIGGLVSYNKDCLG
lanA_595,II,QEKYYSNKLELVGPSFEELSLEEMEAIQGSGDVQAETTPACFTIGLGVGALFSAKFC
lanA_596,II,MNKKINPCGNSMRELSTEELVNIYGADTATPISTIPCSVAKTVSVVSKSVVNSSKVCIGASLSAISGI
lanA_597,II,MENLSVVPSFEELSVEEMEAIQGSGDVQARSEERRVGK
lanA_598,II,RNIMNKKNVVGESMRELSHNELNEIYGGDDPTVSPRSTFICSALFTAVGSYLTTAILCKE
lanA_599,II,AIQGSGDVQAETTPVCAVAATAAASSAACGWVGGGIFTGVTVVVSLKHC
lanA_600,II,MLNKENQENYYSNKLELVGPSFEELSLEEMEAIQGSGDVQA
lanA_601,II,MNNQKLNELVGKSFEDLSIEEMEELQGGSNIQVASTPTVVVPISTVEVSQ
lanA_602,II,MPEINMEKVVGEKFEDMSIAEMMLVQGSGDVNGEITTSPACVAVSKVVSKVS
lanA_603,II,MSNMNIESVIKNLDLKKIDEERKNGKSVEEILKGIDLKPIIREEMAKVNPDVAEKEIDEVVSQINLAKVAEEINKVKIHMEEFTGKSFEDLSEEDMRMLQGAGDIEGEFTPATITTSSYPCIGAVSAVASGVLSFAKC
lanA_604,II,MTNFNSNEKFCGKSLKSLSADEMSLIYGASDGAEPHWTPTPIILKSATASSKVCISAIVSGIGGLISYNKDCLG
lanA_605,II,MENLSVVPSFEELSVEEMEAIHGSGDVQAETTPVCAVAATAAASSAACGWVGGGIFTGVTVVVSLKHC
lanA_606,II,MLNKENQENYYSNKLALVGPSFEELSLEEMDAIQGSGDVQAETTPACFTIGLGVGALFSAKFC
lanA_607,II,MENLSVVPSFEELSVEEMEAIQGSGDVQAETTPVCAVAATAAASSAACGWVGGGI
lanA_608,II,MLNKENQENYYSNKLELVGPSFEELSLEEMEAIQGSGDVQAETTPVC
lanA_609,II,MLNKENQENYYSNKLELVGPSFEELSLEEMEAIQGSGDVQAETTP
lanA_610,II,RVLFRSEEMAKVNPDVEEKEIDEVVSQINLAKVAEEINKVKIHMEEFTGKSFEDLSEEDMRMLQGAGDIEGEFTPATITTSSYPCIGAVSAVASGVLSFAKC
lanA_611,II,NMNIESVIKNLDLKKIDEERKNGKSVEEILKGIDLKPIIREEMAKVNPDVEEKEIDEVVSQINLAKVAEEINKVKIHMEEFTGKSFEDLSEEDMRMLQGAGDIEGEFTPATITTSSYPCIGAVSAVASGVLSFAKC
lanA_612,II,EAIQGSGDVQAETTPACFTIGLGVGALFSAKFC
lanA_613,II,MENLSVVPSFEELSVEEMEAIQGSGDVQAETIIKA
lanA_614,II,SFEELSLEEMEAIQGSGDVQAETNK
lanA_615,II,MNNEKNKNNQNNVVSGVAFDDLTVAEMAEVQGAGDMEGETTTPVCVAISTAYASIHITKTFKG
lanA_616,II,MLNKENQENYYSNKLELVGPSFEELSLEEMEAIQGSGDVQAETTPVCAVAATAAASSAACGWVG
lanA_617,II,GPSFEELSLEEMEAIQGSGDVQAETTPVCAVAATAAASSAACGWVGGGIFTGVTVVVSLKHC
lanA_618,II,MTNFNSNEKFCGKSLKSLSADEMSLIYGASDGAEPHWTPTPIILKSATASSKVCISAIISGIGGLVSYNKDCLG
lanA_619,II,MTNFNSNEKFCGKSLKSLSADEMSLIYGASDGAEPHWTPTPIILKSAAASSKVCISAIISGIGGLVSYNKDCLG
lanA_620,II,DGAEPHWTPTPIILKSATASSKVCISAIISGIGGLVSYNKDCLG
lanA_621,II,MFTNNKEVVPSFEDLSLEEMYALQDDTGVEAEISPTTTSSAFCIGAGVGLFASAVQC
lanA_622,II,MLNKENQENYYSNKLELVGPSFEELSLEEMEAIQGSGDVQAETTPACFTI
lanA_623,II,EEMEAIQGSGDVQAETTPVCAVAATAAASSAACGWVGGGIFTGVTVVVSLKHC
lanA_624,II,SGDVQAETTPVCAVAATAAASSAACGWVGGGIFTGVTVVVSLKHC
lanA_625,II,SEMRNPITREENFSNPAGNVMMELQEADLNKFVAGAGKTRNSGGVLCTSTAECYFGTLLKPCCPKK
lanA_626,I,MAKFDDFDLDIIEKKVRRDIILASITSQHSFCTPNCPTGFLCPPKTQLTCTCKLKGR
lanA_627,Unknown,MKERREDQEARELLIAEVNIYTDDCGEIQFHCLNDCLGGGAWLSIEQ
lanA_628,Unknown,MNELDGKEAQELSKEEINVYATDCGEIQNHCKNDCFGGGSFLNPDY
lanA_629,II,MKKNLRSNELQKAKQVSGNVLTELNEAELGSISGAGEVRGSNGGFCTFTVECDQFFTLICCK
lanA_630,II,MNITKDYPAGNIIEELNSQNAVFENTVQAPDFTFTVGCSTVMTIICC
lanA_631,II,MEKNTKIDFVELERLAEFGGSDDGSVKPQAVSPVVSATLKICLPTVSAVTTFLSCNRSCGWGCKK
lanA_632,Unknown,MKLNNDVKELNVNEVEVKEILLEEVTTLEETVTPGIGIVCGSGCWGIVCW
lanA_633,II,MKQDNFEIDSLDYEINSQELNGKSAAGWSTAVRLTVQGRCGWWFTHSYECTSPNVRCG
lanA_634,II,MKSKKVNTEIDTLEFEIDNQELNGTSGSGWWYTAFKMTLAGRCGLCFTCSYECTTNNVHC
lanA_635,II,MRKNNNRKEIDTLDFEVKNQELSGKSGSGWFTAVQLTLAGRCGRWFTGSYECTTNNVKCG
lanA_636,II,MAKNTSRPEIDSLSFEVENQELSGKSGSGWFTAVQLTLAGRCGRWFTGSFECTTNNVKCG
lanA_637,II,MADSRVLEMYAGNLLEEMQEIQKIIPEDQENELVSSHTVGCGAFLTIYCC
lanA_638,II,MSEINTKMIVGETFEDMSILEMTMVQGSGDVEPDSLLSISAALTSAAATYSFSRELVKTLKGKC
lanA_639,II,MQELELAKALLEKLKHIEELQQNVKESESDDITGHMGGSYTLLCC
lanA_640,II,KEQKKIIQPFQFRISICTVQNWFMKGEIIMSEMRNPITREENFSNPAGNVMMELQEADLNKFVAGAGETRNSGGVLCTSTAECYFGTLLKPCCPKK
lanA_641,Unknown,MDELKKRESQELSKEEINVYATDCGEIQNPCKKDCFGGGSFLNPDY
lanA_642,Unknown,MKEQREDQETRELFIAEVSIYTDECGEIQFHCLNDCLGGGAWLNIEY
lanA_643,II,MDEQKMNGDILKELEEIEKIETEDIEAVHSMGLGVVSIICC
lanA_644,II,MADSRVLEMYAGNLLEEMQEIEKMIPGDQENEIVSSHTVGCSAFLTIYCC
lanA_645,II,MSKKMMRNPIEREKINNPAGNVMEELTEAELDKVTAGIIDYVSHWYSCGFICTYTGECQGSRKASCCN
lanA_646,II,MQEKQEHYLAGDLEVELEEFKSLAQNEEYAEGFLSTTIKCGTFLTIYCC
lanA_647,Unknown,MKEQRDEQEARELLIAEVSIYTDDCGEIQFHCLNDCLGGGAWLNIEY
lanA_648,II,MSKEMKMRNPLYAENNVAGNIMKELTEAEIDNVAGAGTANSYCSCVSSKDSCGSGCTATTECPLIFSLFGCCG
lanA_649,II,MDSYKSPCPPNGIQVIAKREKARHAYSSSSPEGQELGKEAYMSINEKSIVGESFEDLSAADMAMLTGRNDDGVAPASLSFAVSVLSVSFSACSATVVTRLASCGNCK
lanA_650,II,MSKKAMRNPMTRCKANDDMAVGYEIKSQDLVGKSGAGVFTAIQLTLAGKCGNHFTGSYECTSNNVSCG
lanA_651,Unknown,RRGRVIMENTEFSLELDVTEVSTEQGYVSGGVTSTGCCKD
lanA_652,Unknown,MNELKEKEVQELSKEEINVYAAGCGEIQNHCKNDCFGGGSFLNPDY
lanA_653,Unknown,MKERRDEQEARELLIAEVSVYTDDCGEIQFHCLNDCLGGGAWLNIEY
lanA_654,II,MRKFDRTNMKYNNPAGNLLTELEAADLTSNKVDSLGSSGVVCTISVECGSIFTLACC
lanA_655,II,MVDIMRKFDRTNMKYNNPAGNLLTELEAADLTSNKVDSLGSSGVVCTISVECGSIFTLACC
lanA_656,II,MKSNLLKINNVTEMEKNMVTLIKDEDMELAGGSTPACAIGVVGITVAVTGISTACTSRCINK
lanA_657,Unknown,MNELNGKEAQELSKEEINVYATGCGEIQNHCKNDCFGGGSFLNPDY
lanA_658,Unknown,MKERRDEQEARELLIAEVSIYTDDCGEIQFHCLNDCLGGGAWLNIEY
lanA_659,II,MVDIMRKFDRTNMKYNNPAGDLLTELEAADLTSNKVDSLASSGVVCTISVECGSIFTLACC
lanA_660,II,MSPNGIQVIAKREKARHAYSSSSPEGQELGKEAYMSINEKSIVGESFEDLSAADMAMLTGRNDDGVAPASLSFAVSVLSVSFSACSATVVTRLASCGNCK
lanA_661,II,MKDLRNPLTRTENFEHPSGNIMKELTEAELNSVAAGAGVARNSGGIACTLTGECNIGTHIKFCCYD
lanA_662,Unknown,MQELELAKALLEELKHIEELQQNVKESESDDITGHMGGSYTLLCC
lanA_663,II,METKQNYNGDIKTEMEELQKLELTVELEEMAWSTCGGFVTLVCCS
lanA_664,II,GEIIMSEMRNPITREENFSNPAGNVMMELQEADLNKFVAGAGETRNSGGVLCTSTAECYFGTLLKPCCPKK
lanA_665,II,KKQLGACLMKKNYRNPMTRPENFMNPAGNVMKEIKEADLNNFSAGAGEPRVSDGSQFCTSTKECNWGTIMFVCC
lanA_666,II,MVIVTHQLDIVNYVDSIIFVDKSSGDVIKDTHDNLIYRNQNYRKFFGLMEEVHND
lanA_667,II,MLDSKEKCKMADSRVLEMYAGNLLEEMQEIQKIIPEDQENELVSSHTVGCGAFLTIYCC
lanA_668,Unknown,MCEYRSSKEKWKMADSRLLEMYAGNLLEEMQEIEKMIPGDQENEIVSSHTVGCSAFLTIYCC
lanA_669,II,MHIEDRNIELSGDLLHEFEEVQRLVDEEIGVPYSTWSIGCTSFFTLICCS
lanA_670,II,IIMSEMRNPITREENFSNPAGNVMMELQEADLNKFVAGAGETRNSGGVLCTSTAECYFGTLLKPCCPKK
lanA_671,II,MVIVSHQLDIVNYVDSIIFVDKSSGDVIKDTHDNLIYRNQNYRKLFGLKEEVHND
lanA_672,II,MLRDTTKDCPAGNIFEELKSQNSTLESSVQAPDFTFTVGCGTVLTIICC
lanA_673,II,MQRDEKNYELTGDLLREFEEVQKLVNDDTPVPYATWSKVCTSFCTIICC
lanA_674,Unknown,MWEVNIMEERYELKEEEVNVYTAECGKIQEFCLQDCIDGSAWLSIES
lanA_675,II,KEKNNMETKQNYNGDIKTEMEELEKLNCTQSEELEEGFRTLGGSAFTIICCY
lanA_676,I,MENTEFSLELDVNEVSTEQGYVSGGVTSTGCCKD
lanA_677,Unknown,MNTQQKEKDELQNLSIEEVNVYGSCGDPKIHCLYDCFFWNDCFITCNN
lanA_678,II,MFMDNTKDYPAGNIFEELNAQNAMLDSAQAPDFTFTVGCSTYLTIICC
lanA_679,II,MLGNDKVIDSLEFEVAQQELEGSSGAGTRTAIRMTSQGRCGWIFTFSYECSASHIRCS
lanA_680,II,MINKEEHEVIDSLEFEVSNQELEGQSGAGWWTAISLTASGRCGHVFTASFECTSNNVRCK
lanA_681,II,MMRNPIEREKINNPAGNVMEELTEAELDKVTAGIIDYVSHWYSCGFICTYTGECQGSRKASCCN
lanA_682,Unknown,MKEQEMMNYGGDILKELQEYNMLMDEAEQVVVYATQSGNCSGFLTIICC
lanA_683,II,MSINEKSIVGESFEDLSAADMAMLTGRNDDGVAPASLSFAVSVLSVSFSACSATVVTPLASCGNCK
lanA_684,II,MTDSRVLEMYAGNLLEEMQEIEKIIPGDRENEIVSSHTVGCGVFLTIYCC
lanA_685,II,MEKNLKTDFVELESLAEFDGSDDRSVKPQAVSPVVFVTHKICLPMVSAFTTFLSCNRFCGQGCKK
lanA_686,II,METKQNYNGDIKTEMEELEKLNCTQSEELEEGFRSLGGSAFTIICCY
lanA_687,Unknown,MEERYELKEEEVNVYTAECGKIQEFCLQDCIDGSAWLSIESWLLYGKLV
lanA_688,II,MSKEKMMRSPLFANENAAGNVMRELTEAEIDNVAGAGTANSYCACVSSKDSCGSGCTATTECPLIFSLFGCCG
lanA_689,II,MQREEKNVAITGDLNLEFEEMQKLVDEEVGVPYSTWTKGCSTFCTIICC
lanA_690,I,MSNLDEFDLDPVVNVEDDSFIEPHSIVTPTILITINPPTSTYTTNPGYTESKC
lanA_691,Unknown,MNEKLELTEEEVNVYSDDCGKIQVDCLNDCLDGSAWLSIES
lanA_692,II,LSPNGIQVIAKREKARHAYSSSSPEGQELGKEAYMSINEKSIVGESFEDLSAADMAMLTGRNDDGVAPASLSFAVSVLSVSFSACSATVVTRLASCGNCK
lanA_693,II,MLKDRTKENPAGNILEELNSQKAMFENAAQAPDFTFTVGCSTLWTILCC
lanA_694,II,IKIKILRYQKSLVLKKGMVDIMRKFDRTNMKYNNPAGDLLTELEAADLTSNKVDSLASSGVVCTISVECGSIFTLACC
lanA_695,II,MCEYRSSKEKWKMADSRVLEMYAGNLLEEMQEIEKMIPEDQENEIVSSHTVGCSAFLTIYCC
lanA_696,II,METKQNYNGDIKIEMEELEKLNCTQSEELEEGFRTLGGSAFTIICCY
lanA_697,Unknown,MEELQVINLEDLLEFDQGYVVNNNCGPSHSCGGGR
lanA_698,II,MSEMRNPIKRNAGFNHPSGNVMTELQEADLNKFVAGAGETRDSGGVLCTSTAECYLGTVLFFCCP
lanA_699,II,MSKKAMRNPMTRSKTNDDMAVGYEIKSQDLVGKSGAGVFTAIQLTLAGKCGNHFTGSYECTSNNVSCG
lanA_700,Unknown,IMDEQKMNGDILKELEEIEKIETEDIEAVHSMGLGVVSIICC
lanA_701,II,MSINRNASMRPETNPAGNLLQEISEAELNQLSAGAGEPRASWGDFCTSTLECTFGTMICCPPET
lanA_702,II,MQELELTKSILEELKYIEELQQNVKESESDDITGHMGGSYTLLCC
lanA_703,II,MVDIMRKFDRTNMKYNNPAGNLLTELEAADLTSNKVDSLASSGMFCTISVECGSIFTLACC
lanA_704,II,MDKITGKIDENELEILAGDEIVGGGSPAVASIIISAVIVATYAAGACPTSACTKSCNK
lanA_705,I,ALGQSLYERRYIMGNYNDFDLDIKKVQGENDIGPASITTTIILSIKTCTEALSCDGGCSGSDTCGITCGGVGASCSGHCR
lanA_706,Unknown,MEERYELKEEEVNVYTAECGKIQEFCLQDCIDGSAWLSIESWLLYGKLVKLKPSDWKIRRL
lanA_707,II,MSINEKSIVGESFEDLSAADMAMLTGRNDDGVAPASLSFAVFVLSVSFSACSATVVTRLASCGNCK
lanA_708,II,MSEMRNPITREENFSNPAGNVMMELQEADLNKFVAGAGETRNSGGVLCTSTAECYFGT
lanA_709,Unknown,MKNEEKNVVLAGDLLQEFEEVQKLVNEEVGVPYATWTKACSQFCTIICCN
lanA_710,Unknown,MDELKKRESQELSKEEINVYATDCGEIQNHCKKDCFGGGSFLNPDY
lanA_711,II,MSRKNMRNPMERVNFENPAGDVMQELSENELDKVTGGIDYVSNKNSCGDICTITGECQGTKVFLCCD
lanA_712,II,MNEVESSNPAGNSFQELKEMELEDYTGAGTANTHCNCYSEDASCGRLCTGTAECPIMTIICC
lanA_713,II,MVIVSHQLDIVNYVDSIIFVDKSSGDVIKDTHDNLIYRNQNYRKLFGLKEKVHND
lanA_714,II,VQTCALPICSKERMVDIMRKFDRTNMKYNNPAGNLLTELEAADLTSNKVDSLGSSGVVCTISVECGSIFTLACC
lanA_715,Unknown,MYAGNLLEEMQEIQKIIPEDQENELVSSHTVGCGAFLTIYCC
lanA_716,II,MLYLRGEIQIKQDNFEIDSLDYEINSQELNGKPDAGWDTAVRLTAQVRCGWWFTYSYECISPNVCCG
lanA_717,II,MAKNTSRPEIDSLSFEVENQELSGKSGAGWFTAVQLTLAGRWFTCSYECTTNNVHC
lanA_718,Unknown,MISYLNNTKETARKIDLEELKELSVVGGDDNGGNVSLYSIKTSLITLTVITISITSTFSVGEACSWP
lanA_719,II,MEKNTKIDFVELERLAEFGGSDDGSVKPQSV
lanA_720,II,MKKDNFKAFENVTNEELKNIAGGAGETKGTPSLIIPVSLAICPTTQCASIVKPCV
lanA_721,II,MSKDLLKVAGDFAQEVEEASLEKIVGGADMAARGLSKGNTGDYCTLTWECSICPTVTCWC
lanA_722,II,MEKNTKIDFVELERLAEFGGSDDGSVKPQSVSPVISATLKICLPTVSAVTTFLSCNRSCGWGCKK
lanA_723,II,MKGDFNMKDLRNPLNRTENFEHPSGNVMKELSESDLNSFSAGAGETRASSGIACTLTAECNIGTHIKFCCY
lanA_724,II,RTNMKYNNPAGNLLTELEAADLTSNKVDSLGSSGVVCTISVECGSIFTLACC
lanA_725,II,MKSKKVNTEIDTLEFEIDNQELNGTSGSGWWYTAFKMTLVGRCGLCFTCSYECTTNNVHC
lanA_726,II,MKDLRNPLNRTENFEHPSGNVMKELSESDLNSFSAGAGETRASSGIACTLTAECNIGTHIKFCCY
lanA_727,II,MNYVDSIIFVDKSSGDVIKDTHDNLIYRNQNYRKLFGLKEKVHND
lanA_728,Unknown,MKERKEDEDTRELLITEVSIYTDDCGEIQFHCLNDCLGGSAWLNIEY
lanA_729,I,MAVGLLMKAGNVSEELAVLNNEHSLNASLDTICGTMGSLGCGSFGCGSLSSCC
lanA_730,II,MKKFNQLKSVLTDEFSVLNKESLMLVLGGQAHTVAAQGSCGSSRSSQSCDHTAVCNCMCPIIITRPKPNLPSTNL
lanA_731,II,MKVIPEMRFGCLTTRWSWKNHSCRKVWKCTCKCGGYCYVKEDALIDGFVKHCGGPAHQEVKHK
lanA_732,II,MVIVSHQLDIVNYVDSIIFVDKSSGNVIKDTHDNLIYRNQNYRKLFGLREKVHND
lanA_733,I,IMENTEFSLELDVTEVSTEQGYVSGGVTSTGCCKD
lanA_734,II,MFREEMQVLGLPGAEDVTDGSVDYYDMDWENVENGVTEEQMAKCIAKECACTPHCKCSGNLPDQSDDEAYEMTLEG
lanA_735,Unknown,MNEELKYEEILLELKEAEKLYIDEMEDAPTISYGGGLRTLICC
lanA_736,I,RVIMENTEFSLELDVTEVSTEQGYVSGGVTSTGCCKD
lanA_737,II,MKEKNIKEKHLECEVPEKEHYGKKFEDLTPEEMERIQGGGDVIPEELTKSLGMILSINGYKC
lanA_738,II,MMNNTLQLGKYTEEDMIELTEEDVNGGAITLVTPLTPQFVEVTVAATATICPTSSCTSRC
lanA_739,I,LGQSLYERRYIMGNYNDFDLDIKKVQGENDIGPASITTTIILSIKTCTEALSCDGGCSGSDTCGITCGGVGASCSGHCR
lanA_740,II,MKKNLMNSAEESSGNVLEELNNAQLGMISGGKKTKKNSSGDICTLTSECDHLATWVCC
lanA_741,II,MNSAEESSGNVLEELNNAQLGMISGGKKTKKNSSGDICTLTSECDHLATWVCC
lanA_742,II,MCEYRNLKEKGKMTDSRSLEIYAGNLLQEMQEIERIMPEDRENEIVSSHTVGCGTFLTIYCC
lanA_743,II,MVTALSIMKGDFNMKDLRNPLNRTENFEHPSGNVMKELSESDLNSFSAGAGETRASSGIACTLTAECNIGTHIKFCCY
lanA_744,II,KKIIQPFQFRISICTVQNWFMKGEIIMSEMRNPITREENFSNPAGNVMMELQEADLNKFVAGAGETRNSGGVLCTSTAECYFGTLLKPCCPKK
lanA_745,II,MQREKKNVEITGDLNLEFEEMQKLVDEEVGVPYSTWTKGCSTFCTIICC
lanA_746,II,FESRLKDYIQVYGKYERNERNLRSKIMKSKKVNTEIDTLEFEIDNQELNGTSGSGWWYTAFKMTLAGRCGLCFTCSYECTTNNVHC
lanA_747,II,MRKEEIENVVEEIKEQDLDNQAAGGSWKTAIQLTINGRCGKIFTVSYECTTPHRRCA
lanA_748,II,MRKEEIENVVEEIKEQDLDNQAAGGSWKTAIQLTVAGKCGKVFTVSYECTTNNIKCR
lanA_749,Unknown,MNEELKYEEILLELKEAEKLDIDEMEDAPVISYGGGLRTLICC
lanA_750,II,KIKILRYQKALVLKKGMVDIMRKFDRTNMKYNNPAGDLLTELEAADLTSNKVDSLASSGVVCTISVECGSIFTLACC
lanA_751,II,MRNPINRNKSFNHPSGNVMKELKEADLNKVVAGAGAAKNSGGVLCTSTAECYFGTLLKPCCPK
lanA_752,Unknown,LSKNINGKEGRRMREQRDEQEPRELFNAEVSIYTDDCGEIQFHCLNDCLGGGAWLNIEY
lanA_753,II,MNNDKQNEQNVDLELGKYLEADLISLTDDEVTGGGTPTITIPISIAVSGWISDKTCPTSVCTRAC
lanA_754,II,MRNPIKRNAGFNHPSGNVMTELQEADLNKFVAGAGETRDSGGVLCTSTAECYLGTVLFFCCP
lanA_755,II,MEREKFMTMAGNIEAELEEVKVGEDSNAMIPATTITTAFFTIYCC
lanA_756,I,MQTSGGYNYSANDVLRWLNGHSGLGNFHANNHNPYGNGGTPND
lanA_757,II,MLYLTQIADRRFQFRISIYTIGILKGEFTMKDLRNPIERRNFTHPAGNTMTELKEAELNNFAAGAGEPRNSGGMFCTSTGECNMGTLNIFCC
lanA_758,I,RYIMGNYNDFDLDIKKVQGENDIGPASITTTIILSIKTCTEALSCDGGCSGSDTCGITCGGVGASCSGHCR
lanA_759,II,MVIVSHQLDIVNYVDSIIFVDKSSRDVIKDTHDNLIYRNQNYRKLFGLKEEVHND
lanA_760,I,HIIDSALGQSLYERRYIMGNYNDFDLDIKKVQGENDIGPASITTTIILSIKTCTEALSCDGGCSGSDTCGITCGGVGASCSGHCR
lanA_761,II,RNPMTRPENFMNPAGNVMKEIKEADLNNFSAGAGEPRVSDGSQFCTSTKECNWGTIMFVCC
lanA_762,II,MTRCKANDDMAVGYEIKSQDLVGKSGAGVFTAIQLTLAGKCGNHFTGSYECTSNNVSCG
lanA_763,I,MYGGTIGGKHMSKYDEFDLDIKRDKKDVGKASSTAGQNAAANVPSPAVTQVRTCTRCTSSYVGVARC
lanA_764,II,MKKNLRSNELQKAKQVSGNVLTELNEAELGSISGAGEVRGSNGGFCTFTVEWVLLNNLVTKRCKAL
lanA_765,Unknown,MENKKLQIEKITDKIEIEEVEVQADPCKNDPYNGIYDCLRDCSSGTSPKGSPAY
lanA_766,II,MSNTPVVEVDLDELTDLELQDVAGAAGSGWMYTFGCCWCVPWYSSFTKCGLACSQGTCR
lanA_767,III,MNKIIDMQSIEEVNDDAVHDSGYSCSFCFGRPSSTSGFFC
lanA_768,II,MKDLRNPLTRTESFEHPSGNVMKELTEAELNSVAAGAGVARNSGGIACTLTGECNCRATHSGRH
lanA_769,Unknown,MKERRDEQEARELLIAEVNIYTDDCGEIQFHCLNDCLGGGAWLNIEY
lanA_770,Unknown,MNELKEKEAQELSKEEIDVYAAGCGEIQNHCKNDCFGGGSFLNPDY
lanA_771,II,KIIQPFQFRISICTVQNWFMKGEIIMSEMRNPITREENFSNPAGNVMMELQEADLNKFVAGAGETRNSGGVLCTSTAECYFGTLLKPCCPKK
lanA_772,II,MKDLRNPIKREKEFNHPAGNVMMELKEADLNNFVAGGGQARNSGGVLCTSTAECYYGTLLKPCCPKK
lanA_773,I,MDKLFDLDVEVVKTNTQARSGIGTLGVYCFTTGQGVMCSSGAGSHSCMTSATRCTGTQSACAILPSSLKK
lanA_774,I,MDEKNISLDLTVEVEDINLEDVEDLTGPRRGSGATFSACCGHN
lanA_775,II,MKKNYRNPMTRPEYFMNPAGNVMKEIKEADLNNFSAGAGEPRVSDGSQFCTSTKECNWGTIMFVCC
lanA_776,II,MTDSRSLEIYAGNLLQEMQEIERIMPEDRENEIVSSHTVGCGTFLTIYCC
lanA_777,II,KKNVVGESMRELSHNELNEIYGGDDPTVSPRSTFICSALFTAVGSYLTTAILCKE
lanA_778,II,EMRNLQGTEDVQAETTPVCAFTAASSIACADVITVTISFATCR
lanA_779,II,GESMRELSHNELNEIYGGDDPTVSPRSTFICSALFTAVGSYLTTAILCKE
lanA_780,I,MGNYNDFDLDIKKVQGENDIGPASITTTIILSIKTCTEPLSCDGGCSGSDTCGITCGGVGASCSGHCR
lanA_781,Unknown,MKEANDKKESMKPVSQAVVELDDEALDQVSGGLKRLDSSWKPEITEVCKLCGSTRNVRGGLCLACKNKC
lanA_782,Unknown,MMNSCELMQELELTKSILEELKYIEELQQNVKESESDDITGHMGGSYTLLCC
lanA_783,Unknown,MKEVNDKKESMKSMSQAAVELDDEALDQVSGGLKRLDSSWKPEITEVCKLCGSTRNVRGGLCLACKNKC
lanA_784,Unknown,MEELQVIDLEELLEFDQGYVVNNNCGPSHSCGGGR
lanA_785,Unknown,KNKGVRLIMEKNTKIDFVELERLAEFGGSDDGSVKPQAVSPVVSATLKICLPTVSAVTTFLSCNRSCGWGCKK
lanA_786,II,MEQNEKKELRSLNVELPTLYVEDLEQRLETDPLAIGGLLSGDFDGVEAYSCGKDCDEFTCDVHCDDHCSEHCGRFHCSVD
lanA_787,Unknown,METKQNYNGNIKTEMEELQKLELTVELEEMAWSTCGGFVTLVCCS
lanA_788,II,TVVLFLPVLIKTCQESEVYIMSKEMKMRNPLYAENNVAGNIMKELTEAEIDNVAGAGTANSYCSCVSSKDSCGSGCTATTECPLIFSLFGCCG
lanA_789,Unknown,MKEVNDKKESMKPVSQEAVELDDEALDQVSGGLKRLDSDWKPEITEVCKLCGSTRNVRGGLCLACKNKC
lanA_790,Unknown,MKEANDKKESMKPVSQEAVELDDEALDQVSGGLKRLDSDWKPEITEVCKLCGSTRNVRGGLCLACKNKC
lanA_791,Unknown,MKEANDKKESMKPVSQAVVELDDEALDQVSGGLKRLDSDWKPEITEICKLCGSTRNVRGGLCLACKNKC
lanA_792,II,MKVIPEMHFGCLTTRWSWKNHSCRKVWKCTCKCGGYCYVKEDALIDGFVKHCGGPAHQEVKHK
lanA_793,Unknown,MKPMSQAAVELDDEALDQVSGGLKRLDSDWKPEITEICKLCGSTRNVRGGLCLACKNKC
lanA_794,Unknown,MNELKEKEAQEISKEEINVYAAGCGEIQNHCKNDCFGGGSFLNPDY
lanA_795,Unknown,MKEVNDKKESMKPVSQAVVELDDEALDQVSGGLKRLDSDWKPEITEVCKLCGSTRNVRGGLCLACKNKC
lanA_796,II,LPTLYVEELEQRLETDPLAIGGLLSGDFDGVEAYSCGKDCDEFTCDVHCDDHCSEHCGRFHCSVD
lanA_797,Unknown,MKEVNDKKESMKPMSQAAVELDDEAFDQVSPGLKRLYSSWKPEITEVCKLCGSTRNVRGGLCLACKNKC
lanA_798,II,MLREEMQVLGLPGAEDVTDGSVDYYDMDWENVENGVTEEQMAKCIAKACACTPNGKCSGNLPDQSDDEAYEMTLEG
lanA_799,Unknown,QEETIMKEVNDKKESMKPMSQAAVELDDEALDQVSGGLKRLDSDWKPEITEICKLCGSTRNVRGGLCLACKNKC
lanA_800,Unknown,MNEKLELTEEEVNGYSDDCGKIQVDCLNDCIDGSAWLSIES
lanA_801,I,MVTVDLDTRVEEVEEAVCPQITSKFLCAPGCPTGGIACFTTQCTNGCSISVGCKWLVALSQQSALEVKHPRPYLQGRFLRKVGHASYIGN
lanA_802,II,LVIVLWFESRLKDYIQVYGKYERNERNLRSKIMKSKIVNTEIDTLEFEIDNQELNGTSGSGWWYTAFKMTLAGRCGLCFTCSYECTTNNVHC
lanA_803,Unknown,QEETIMKEANDKKESMKPVSQAVVELDDEALDQVSGGLKRLDSDWKPEITEVCKLCGSTRNVRGGLCLACKNKC
lanA_804,Unknown,MISYLNNTKETARKIDLEELKELSVVGGDDNGGNVSLYSIKTSLITLTVITISITSTFSVGEACSWPW
lanA_805,I,MVSVDLDTRVEEVEEAVCPHITSKFLCAPGCPTGGIACFTAQCANGCGISVGCKWLVALSQQSALEGRHPRPYLQGRFL
lanA_806,II,MSINEKSIVGESFEDLSAADMAMLTGRNDDGVAPASLSFAVSVLSVTFSACSATVVTRLASCGNCK
lanA_807,Unknown,MKEVNDKKESMKPMSQAAVELDDEALDQVSGGLKRLDSSWKPEITAVCKLCGSTRNVRGGLCLACKNKC
lanA_808,Unknown,MSNKNVSLDLTVEVEDIELEEVEDLTGPRRGSGATFSACCGHN
lanA_809,Unknown,MNNTKDTARKIDLEELKELSVVGGDDNGGNVSPYSIKTSLIILTVITISITSTFSVGEACSWP
lanA_810,II,MFREEMQVLGLPGAEDVTDGSVDYYDMDWENVENGVTEEQMAKCIAKACACTPRCKCSGNLPDQSDDEAYEMTLEG
lanA_811,Unknown,MKEVNDKKESMKPVSQAVVELDDEALDQVSGGLKRLDSDWKPEITEICKLCGSTRNVRGGLCLACKNKC
lanA_812,Unknown,MSNFEDFDLDLKQVSTTTNTELLSTTTILQSLANTCKSVDTPTTGMTNYCCTKANEAAEPRCI
lanA_813,II,MKVIPEMRFGCLTTRWSWKNRTCQKVWKCTCKCGGYCYVKEDALIDGFVKHCGGPAHQEVKHK
lanA_814,II,MLREEMQVLGLPGAEDVTDGSVDYYDMDWENVENGVTEEQMAKCIAKACACTPRCKCSGNLPDQSDDEAYEMTLEG
lanA_815,II,RNVKNWKLPVYEMNEVESSNPAGNSFQELKEMELEDYTGAGTANTHCNCYSEDASCGRLCTGTAECPIMTIICC
lanA_816,Unknown,MEERYELKEDEVNVYTAECGKIQEFCLQDCIDGSAWLSIES
lanA_817,Unknown,EVKIMEELQVIDLEELLEFDQGYVVNNNCGPSHSCGGGR
lanA_818,II,MFREEMRVLGLPGAEDVTDGSVDYYDMDWENVENGVTEEQMAKCIAKACACTPRCKCSGNLPDQSDDEAYEMTLEG
lanA_819,II,ITRRFVHFASKKAMNIEGLSEATLEKEKTNQEELGKKFEDLTPEEMQKIQGSGDMQTEGSLDLILSRSPYVCRKK
lanA_820,I,MGNYNDFDLDIKKVQGENDIGPASVTTVVILSIKACTEALSCDGGCSGSDTCGITCGGVGASCSGHCR
lanA_821,II,VNYVDSIIFVDKSSRDVIKDTHDNLIYRNQNYRKLFGLKEEVHND
lanA_822,Unknown,MSNFEDFDLDLKQVSTTTNTELLSTTTILQSLATTCKSVETPTTGMTNYCCTKANEAAEPRCI
lanA_823,Unknown,MCEYRSSKEKWKMADSRVLEMYARNLLEEMQEIEKMIPEDQENEIVSSHTVGCSAFLTIYCC
lanA_824,Unknown,KMADSRVLEMYARNLLEEMQEIEKMIPEDQENEIVSSHTVGCSAFLTIYCC
lanA_825,II,FREEMQVLGLPGAEDVTDGSVDYYDMDWENVENGVTEEQMAKCIAKECACTPHCKCSGNLPDQSDDEAYEMTLEG
lanA_826,Unknown,MISYLNNTKETARKIDLEELKELSVVGGDDNGGNVSPYSIKTSLITLTVITISITSTFSVGEACSWP
lanA_827,II,MCNCKYRISKEKWEMTDSRVLEMYAGNLLEEMQEIEKIIPGDRENEIVSSHTVGCGVFLTIYCC
lanA_828,Unknown,IMKEVNDKKESMKPMSQAAVELDDEALDQVSGGLKRLDSSWKPEITEVCKLCGSTRNVRGGLCLACKNKC
lanA_829,Unknown,MKEANEKKESMKPVSQAVVELDDEALDQVSGGLKRLDSDWKPEITEVCKLCGSTRNVRGGLCLACKNKC
lanA_830,Unknown,MKEETCLRFAGDLLEEVDEISRIIPEGDIAEIVNSHTVTCSTFFTIYCC
lanA_831,II,MKEKNIKEKHLECEVPEKEHYGKKIEDLTPEEMERIQGGGDVIPEELTKSLGMILSINGYKC
lanA_832,II,LQTTLPLLCDFFCRSKEEIKMQREEKNVEITGDLSLEFKEMQKLVDEEVGVPYSTWSKACTTFFTIICC
lanA_833,II,MLREEMRVPGLPGAEDVTDGSVDYYDMDWENVENGVTEEQMAKCIAKACACAPRCKCSGNLPDQSDDEAYEMTLEG
lanA_834,Unknown,EESRMKERRDEQEARELLMAEVSTYTDDCGEIQFHCLNDCLGGGAWLNIEY
lanA_835,II,KRKQKESPIISLEVVTALSIMKGDFNMKDLRNPLNRTENFEHPSGNVMKELSESDLNSFSAGAGETRASSGIACTLTAECNIGTHIKFCCY
lanA_836,I,MGNYNDFDLDIKKVQGENDIGPASVTTTVMLSIKVCTEVLSCDGGCSGSDTCGITCGGVGASCSGHCR
lanA_837,II,KKELRSLNVELPTLYVEELEQRLETDPLAIGGLLSGDFDGVEAYSCGKDCDEFTCDVHCDDHCSEHCGRFHCSVD
lanA_838,II,VKEKNIKEKHLECEVPEKEHYGKKFEDLTPEEMERIQGGGDVIPEELTKSLGMILSINGYKC
lanA_839,II,IFLEQNEKIELRSLNVELATLYVEELEQRLVTDRLAIGCFLSGDFDGVEAYSCGKDCDEFTCDVHCDDHCSEHCGRFHCSVD
lanA_840,II,MFREEMQVLGLPGAEDVTDGSVDYYDMDWENVENGVTEEQMAKCIAKACACTPNGKCSGNLPDQSDDEAYEMTLEG
lanA_841,II,MERVNFENPAGDVMQELSENELDKVTGGIDYVSNKNSCGDICTITGECQGTKVFLCCD
lanA_842,Unknown,MKAQRDEQEARELFIAEVNIYTDDCGEIQFHCLNDCLGGGAWLNIEY
lanA_843,Unknown,KEVNDKKESMKPMSQAAVELDDEALDQVSGGLKRLDSSWKPEITEVCKLCGSTRNVRGGLCLACKNKC
lanA_844,II,KFIFMEQNEKKELRSLNVELPTLYVEELEQRLETDPLAIGGLLSGDFDGVEAYSCGKDCDEFTCDVHCDDHCSEHCGRFHCSVD
lanA_845,Unknown,MKEVNDKKESMKPMSQAAVELDDEALDQVSGGLKRLDSDWKPEITEVCKICGSTRNVRGGLCLACKNKC
lanA_846,II,LNVELPTLYVEELEQRLETDPLAIGGLLSGDFDGVEAYSCGKDCDEFTCDVHCDDHCSEHCGRFHCSVD
lanA_847,II,YKSPCPPNGIQVIAKREKARHAYSSSSPEGQELGKEAYMSINEKSIVGESFEDLSAADMAMLPGRNDDGVAPASLSFAVSVLSVSFSACSATVVTRLASCGNCK
lanA_848,Unknown,DKKESMKPMSQAAVELDDEALDQVSGGLKRLDSDWKPEITEICKLCGSTRNVRGGLCLACKNKC
lanA_849,II,MAKNTSRPEIDSLSFEVENQELSGKSGSGWFTAVQLTLAGRWFTCSYECTTNNVHC
lanA_850,II,SNMSRNVKNWKLPVYEMNEVESSNPAGNSFQELKEMELEDYTGAGTANTHCNCYSEDASCGRLCTGTAECPIMTIICC
lanA_851,Unknown,MKEANDKKESMKPMSQAAVELDDEALDQVSGGLKRLDSSWKPEITEVCKLCGSTRNVRGGLCLACKNKC
lanA_852,II,MAKNTSRPEIDSLSFEVENQELSGKSGSGWFTAVQLTLAGRCGRWFTGSYECTTNNVKCG
lanA_853,Unknown,EETIMKEVNDKKESMKPMSQAAVELDDEALDQVSGGLKRLDSSWKPEITEVCKLCGSTRNVRGGLCLACKNKC
lanA_854,II,FIFMEQNEKKELRSLNVELPTLYVEELEQRLETDPLAIGGLLSGDFDGVEAYSCGKDCDEFTCDVHCDDHCSEHCGRFHCSVD
lanA_855,II,YSDKTMVIVSHQLDIVNYVDSIIFVDKSSGNVIKDTHDNLIYRNQNYRKLFGLREKVHND
lanA_856,II,VELPTLYVEELEQRLETDPLAIGGLLSGDFDGVEAYSCGKDCDEFTCDVHCDDHCSEHCGRFHCSVD
lanA_857,Unknown,NDKKESMKPMSQAAVELDDEALDQVSGGLKRLDSDWKPEITEICKLCGSTRNVRGGLCLACKNKC
lanA_858,Unknown,TIMKEVNDKKESMKPMSQAAVELDDEALDQVSGGLKRLDSDWKPEITEVCKLCGSTRNVRGGLCLACKNKC
lanA_859,II,KFDRTNMKYNNPAGNLLTELEAADLTSNKVDSLGSSGVVCTISVECGSIFTLACC
lanA_860,II,IFMEQNEKKELRSLNVELPTLYVEELEQRLETDPLAIGGLLSGDFDGVEAYSCGKDCDEFTCDVHCDDHCSEHCGRFHCSVD
lanA_861,II,FMEQNEKKELRSLNVELPTLYVEELEQRLETDPLAIGGLLSGDFDGVEAYSCGKDCDEFTCDVHCDDHCSEHCGRFHCSVD
lanA_862,II,GMFREEMRVLGLPGAEDVTDGSVDYYDMDWENVENGVTEEQMAKCIAKECACTPHCKCSGNLPDQSDDEAYEMTLEG
lanA_863,Unknown,KEKNMDEKNISLDLTVEVEDINLEDVEDLTGPRRGSGATFSACCGHN
lanA_864,I,MVTVDLDTRVEEVEEAVCPHITSKFLCAPGCSTGGIACFTAQCANGCGISVGCKWLVALSQQSALEGRHPRPYLQGRFL
lanA_865,II,MLREEMQVPGLPGAEDVTDGSVDYYDMDWENVENGVTEEQMAKCIAKACACTPRCKCSGNLPDQSDDEAYEMTLEG
lanA_866,II,MFSEEMQVLGLPGAEDVTDGSVDYYDMDWENVENGVTEEQMAKCIAKECACTPHCKCSGNLPDQSDDEAYEMTLEG
lanA_867,Unknown,MSQAAVELDDEALDQVSGGLKRLDSDWKPEITEVCKLCGSTRNVRGGLCLACKNKC
lanA_868,II,MGKKESNTEIDFSELERLSKCGGSDQGEIEPQSISAVVSATLKICLPAVSSVTALFSCNRTCGCK
lanA_869,II,MMNTAVEDEVVSEVWDADAAALDATPTDQKQIDKEFTKIVSPYMASSGWVCTLTQECGTFVCSCN
lanA_870,I,MSKYDDFDLNLKQTSSSNQKNPRVTSVIACTPGTCNNTCKGDSTLKSNCCGGSIICSLGGC
lanA_871,II,MTENSFLYAGDLEAEMREITALDRNNDELEQQRTFSIECGSLFTIFCC
lanA_872,II,MVEKSFLYAGDLEEEIREISNLAEKIDKVEQIDSHSVECASFFTIFCC
lanA_873,II,MEMKREDFMSCAGDVTFEMKEIQKEDINEVQAPDITASTQFFTIFCC
lanA_874,II,MELKRELFMENAGDVMLEISEDMKEVQAPAPDITLSTTLFSIFCC
lanA_875,II,MSKKSLRNPMKHVDNNFNPAGDSLIELQEAELNQVVGAGDHNSKLTSCGIFCTFTAECEGRYTISCC
lanA_876,II,MMNQKKRVERQDVMNVAGDLGKEMEEFKKADLVGAESELLVTPKFTPLFTILCC
lanA_877,II,MKGLLYTQQPVNFESALCTIIHINLVSQFRIGGYTILLRKEIHTMKDLRNPLNRTESFEHPSGNVTKELTEAELNSVAAGAGVARNSGGIACTLTGECNIGTHIKFCCYD
lanA_878,II,MRKNMRKNYLENTKVAGDVMFELKESELNTVSGAAGSRKKSGGDICTLTSECEHLRTLLCC
lanA_879,II,MKNNSKTVYGGDLCVELTEVDKMLDESERIEQNSNTHTIQCTQFFTIYCC
lanA_880,II,MEEWKNCAGDITKELQEAEKLMEDNVGEQRFSITVDCSEIYTLICC
lanA_881,II,MQKESKTDILKQSGDLLGEVCEAKKLSKASDDEIITLTVECSAFFTLVCC
lanA_882,II,MKSENNIKNAGLEVDYLKLVDEANELDQAQVGGWTFFSSANTGWFCSFTKDCNCR
lanA_883,II,MSEILDQELTVVSPSWDVAARATDGATPSLQAQIDAEFERIVSPYMASSGWFCTLTIECGTFICACR
lanA_884,II,MKSKKVNTEIDTLEFEIDNQELNGTSGSGWWYTAFKMTLAGRCGLCFTCSYECTTNNVRC
lanA_885,II,MNDYNENKLSGVAGDLLVELSEIDKISEDAENRDILTITVECSALFTIVCC
lanA_886,II,MRKNNNHKEIDTLDFEVKNQELSGKSGSGWFTAVQLTLAGRCGRWFTGSYECTSNNVKCG
lanA_887,II,MKCDEFKNEIDTLEFEVSNQEIAGKSGSGGWYTAFKLTLAGRCGLCFTCSYECTSNNVHC
lanA_888,II,MAKDAERPVIDSLDFEVANQELAGKSGSGWFTAIQLTLAGRCGNWFTGSFECTSNNVKCG
lanA_889,II,MNILLEKIDKTVDEMIDKNLIMDMTEQQMMNLIYEDELFTRTITSPCPTSFLVCC
lanA_890,II,MENRKNENSMNLAGDIRKEMDEIQKMQATTPLILSMVTNTCADLTTVICC
lanA_891,III,MSEVLRMQGLVEEARDMDRTITSSSSLALCGSSFSTWFC
lanA_892,III,MSQILEMQGINSEEQDTRFPSTNSWAFCFSTHSVIVC
lanA_893,III,MAEEVLNLQLVSVQVDETDEVDGMRFSTFSTNRCGNWSAFSWENC
lanA_894,III,MKNILSLQQLKVKENTKLMAKSSKSINCKNSSHASWFVC
lanA_895,III,MSEEILSLQTLPIEEDFEEINEVDGMRGVSTLSGGGCHNWSTFSIGACG
lanA_896,III,MATEILKFQVLEIEDDVMDGELGGRDSAVSVSWCDNSPSNLSLVFC
lanA_897,III,MPTEILKFQSLEIDDNLMEEVEGERGSTASWGWCDTTPSHISLVGC
lanA_898,II,MLYLQGEIQMKQDNFEIDSLDYEINSQELNGKSAAGWRTAVRLTVQGRCGWWFTYSYECTSPNVRCG
lanA_899,II,MKQDNFEIDSLDYEINSQELNGKSAAGWRTAVRLTVQGRCGWWFTYSYECTSPNVRCG
lanA_900,II,MNSSDSAILLHNPAGIVELDTDDMDLDMTHGGTTWWCAIATATIALTATKCSPDGTLCGSCQMGTRGCC
lanA_901,I,MKNIETVVDLQDLQSIPMKDHKATANDNHFASSLSCGCSAFH
lanA_902,III,MNQVLELQKLSYNEESGQPAVDKTPTTFTTTTTITTLSTVSNNC
lanA_903,III,MKKILKLQKMKMASKKVNIPLSSGFSVSCVQSCTIK
lanA_904,II,MKKEDHGIDTLDYEINHQELGGKSAAGLYTAITLTLHGHCGWIVTYSFECSTPHVSCG
lanA_905,II,MAKNINRSEIDSLSFEVENQELSGKSGSGWFTAVQLTLAGRCGRWFTGSYECTSNNVKCG
lanA_906,II,TFYASVECVERNLRSKIMKSKKVNTEIDTLEFEIDNQELNGTSGSGWWYTAFKMTLAGRCGLCFTCSYKCTTNNVRC
lanA_907,Unknown,MREERNMELAGDLLQEFEEVQKLVNEEVGVPYSTWTLACSQFCTIICCN
lanA_908,II,MKQDHFEIDSLDYEINSQELNIKYTAGWRTTVRLTVQGRCGWWFTYSYECTSPNVRCG
lanA_909,I,MKHDDFDLDLKKVSVDENEIEASARTIVTTTTVLSALNRCKSAVNPTGGMTQGCCNRNVEKIETESKLRCQ
lanA_910,II,MPKNTSRPEIDSLSFEVENQELSGKSGSGWFTAVQLTLAGRCGRWFTGSYECTSNNVKCG
lanA_911,II,MNKKINPCGNSMRELSTEELVNIYGADTATPISTIPCSVAKTVSVVSKSV
lanA_912,II,MNKKINPCGNSMRELSTEELVNIYGADTATPIST
lanA_913,II,MANVNIENVIKHIDFQKIKEEKKNGKSLEEILKGIDLKPIIREEMVKINPDVQDEEIESVVKEIDLIKVLGSILENENVSKEIAGKFFEDLSEEEMTMLQGAGDVDVEV
lanA_914,II,MFREEMQVLGLPGAEDVTDGSVDYYDMDWENVENGVTEEQMAKCIAKECACTPHCKCSGNLPDQSDEETYEMTLE
lanA_915,II,MKVIPEMRFGCLTTRWSWKNRTCQKVWKCTCECGGYCYVKEDALIDGIVKNCGGPAHQEVKRK
lanA_916,Unknown,MENTEFSLELDVTEVSTEQGYVFSGVTSTGCCKD
lanA_917,II,MVIVTHQLDIVNYVDSIIFVDKSSRDVIKDTHDNLIYRNQNYKKLFGLKEEVHNG
lanA_918,Unknown,MKEQEMMNYGGDILKELQEYNMLMDEAEQVVVYATQSGNWSGFLTIICC
lanA_919,II,MEQNEKKELRSLNVELPTLYVEELEQRLETDPLAIGGLLSGDFDGVEAYSCGKDCDEFTCDVHCDDHCSEHCGRYHCSVD
lanA_920,II,MKVIPEMRFGCLTAKWSWKNHTCRKVWKCTCECGGYCYVREDALIDGIVKNCGAECHIEVKCK
lanA_921,II,MFTKNEKFEHNQEEESILEEISESEDTNGGTTWACVAVSTVVEASISLCPTTKCTSKCS
lanA_922,II,MAKNTSRLEIDSQSFEVENHELSGKSGDG
lanA_923,Unknown,MDNLKIIDLEELLANKSAYVIHDCGPSHSCGGGR
lanA_924,II,MKVIPEMHFGCLTTRWSWKNHTCRRVWKCTCECGGYCYVKEDALIDGIVKNCGAECHREVRRK
lanA_925,Unknown,MKERRDEQEARELLIAEVSIYTDDCGEIQYHCLNDCLGGGAWLNIEY
lanA_926,II,MFREEMRVLGLPGAEDVTDGSVDYYDMDWENVENGVTEEQMAKCIAKECACTPRCKCSGNLPDQSDDEAYEMTLE
lanA_927,II,MFREEMQVLGLPGAEDVTDGSVDYYEMDWENVENGVTEEQMAKCIAKACACTPRCKCSGNLPDQSDEEAYEMTLEG
lanA_928,I,MAKFDDFDLDIRKVKGNQNEVARTGTGTFMTCGSPGVCDTTLVTMATCEETCILCGETGNGCSDDTCSDCHSYCGAACRR
lanA_929,III,MAEEVLNLQLVSVQVDETDEVDGMRFSSFSTNRCGNWSAFSWENC
lanA_930,Unknown,MKEANDKKESMKPVSQAAVELDDEALDQVSGGLKRLDSDWKPEITEVCKLCGSTRNVHGGLCLACKNKC
lanA_931,II,MEQNEKKELRSLNVELPTLYVEELEQRLETDPLAIGGLLSGDFDGVEAYSCDKDCDEFTCGVHCEDHCGSHCGSYTCGVN
lanA_932,Unknown,MKKQNDFDLDLRNVENYESTGTLSINTSVPCEFATITIEMTKANKCKSVETPTTGMTSACCKKNAVGPQCR
lanA_933,II,MLREEMQVLGLPGTEDVTDGSVDYYDMDWENVENGVTEEQMAKCIAKACACTPRCKCSGNLPDQSDEGAYEMTLEG
lanA_934,II,MLREEMQVLGLPGAEDVTDGSVDYYDMDWENVENGVTEEQMAKCIAKACACTPRCKCSGNLPDQSDEGAYEMTLEG
lanA_935,Unknown,MEEKLELTEEEVNVYSDECGKIQVSCLNDCIDGSAWLSIES
lanA_936,II,MLREEMQVLGLPGAEDVTDGSVDYYDMDWENVENGVTEEQMAKCIAKACACTPNGKCSGNLPDQSDEEAYEMTLEG
lanA_937,II,MLREEMQVLGLPGAEDVTDGSVDYYDMDWENVENGVTEEQMAKCIAKACACTPRCKCSGNLPDQSDEEAYEMTLEG
lanA_938,Unknown,MENTEFSLELDVTEVSTEQGYVSGGLTSTGCCKD
lanA_939,II,MFREEMQVLGLPGAEDVTDGSVDYYDMDWENVENGVTEEQMAKCIAKACACTPHCKCSGNLPDQSDEETYEMTLEG
lanA_940,II,MKVIPEMRFGCLTTRWSWKNRTCQKVWKCTCECGGYCYVKEDALIDGIVKNCGGPAHQEAKRK
lanA_941,Unknown,MDNLKIIDLEELLANKSAYVIYDCGPSHSCGGGR
lanA_942,II,MEQNEKKELRSLNVELPTLYVEELEQRLETDPLAIGGLLSGNIDVYADSCKVACGIDCDEYNCEDCGVYCDVKCGRYS
lanA_943,II,DLRRRGQPCHDADLTFCQFSLLHEFVKQYLHKYEYTTLYKKYHWKHIPVVEIKYNDIINLKELIHMKVIPEMHFGCLTTRWSWKNHTCRRVWKCTCECGGYCYVKEDALIDGIVKNCGAECHREVRRK
lanA_944,I,MKHDDFDLDLKKVSVDENEIEASARTIVTTTTVLSALNRCKSEVNPTGGMTQGCCNKNVEKIETESKLRCQ
lanA_945,II,MLREEMQVLGLPGAEDVTDGSVDYYDMDWENVENGGTEEQMAKCIAKACACTPNGKCSGNLPDQSDEEAYEMTLEG
lanA_946,Unknown,MKEANDKKESMKPVSQAAVELDDEALDQVSGGLKRLDSSWKPEMTEVCKLCGSTRNVHGGLCLACKNKC
lanA_947,II,MFREEMQVLGLPGAEDVTDGSVDYYDMDWENVENGVTEEQMAKCIAKACACTPRCKCSGNLPDQSDEGAYEMTLE
lanA_948,II,MKVIPEMHFGCLTTRWSWKNHTCRRVWKCTCECGGYCYVKEDALIDGIVKNCGGPAHQEAKRK
lanA_949,Unknown,MNNTKDTARKIDLEELKELSVVGGDDNGGNVSPYSIKTSLIILTVITISITGTFSVGEACSWP
lanA_950,II,MFREEMRVLGLPGAEDVTDGSVDYYDMDWENVENGVTEEQMAKCIAKECACTPHCKCSGNLPDQSDDEAYEMTLE
lanA_951,III,MAEEVLNLQLVSVQVDETDEVDGMRFSTFSTNRCGNWSAFSWEHC
lanA_952,II,MFREEMQVLGLPGAEDVTDGSVDYYDMDWETVENGVTEEQMAKCIAKECACTPHCKCSGNLPDQSDDEAYEMTLE
lanA_953,Unknown,MQELELAKALLEELKHIEELQQNVKESESDDFTGHIGGSYTLLCC
lanA_954,II,MLREEMQVLGLPGAEDVTDGSVDYYDMDWENVENGVTEEQMAKCIAKACACTPSCKCSGNLPDQSDEGAYEMTLEG
lanA_955,III,MPTEILKFQSLEIDDNLMEEVEGERGSTASWGWCDTSPSHISLVGC
lanA_956,II,MRKFDRTNMKYNNPAGDLLTELEAADLTSNKVDSLASSGVVCTISVECIVLCLLW
lanA_957,Unknown,MNELKEKEAQELSKEEIDVYAAGCGEIQNHCKNDCFGGGAFLNPDY
lanA_958,II,MKVIPEMRFGCLTTRWSWKNRTCQKVWKCTCECGGYCYVKEDALINGIVKNCGGPAHQEVKRK
lanA_959,II,MLREEMQVLGLPGAEDVTDGSVDYYDMDWENVENGVTEEQMAKCITKACACTPRCKCSGNLPDQSDEEAYEMTLEG
lanA_960,Unknown,MKEVNDKKESMKPMSQAAVELDDEALDQVSGGLKRLDSSWKPEITEVCKLCGSTRNVRGGLCHLNK
lanA_961,Unknown,MADSRVLEMYAGNLLEEMQEIEKMIPGDQENEIVSSHTVGCSAFLTIYPKLFTEQYLKR
lanA_962,II,MRDLRNPINKTNAMNPAGNVMKEMQEAELSRITAGAGEARISGGVVCTATAECYYGTYLSKCCPKS
lanA_963,Unknown,MKEVNDKKESMKPMSQAAVELDDEALDQVSGGLKRLDSSWKPEITEVCKLCGSTRNVRGGLCLACKNKRVAIPLSDR
lanA_964,I,MVTVDLDTRVEEVEETLRPQITSTFLCTPGCPTGGIACFTTQCTNGCSISVGCKWLVALSQQSALEVRHPRPYLQGRFL
lanA_965,Unknown,MNNDKETVRKIDLEELKELSVVGGEDGDGVTPYSIKTTLITLTVLTISITSTFSVGEACSWP
lanA_966,Unknown,MENKKLQIEKITDKIELEEVEVQADPCKNDPYNGIYDCLRDCSNGTSPKLSPKY
lanA_967,III,WMVMDELLSLQAFDVQADTLPERASSVSLWCDGNNSGASVWCG
lanA_968,III,MDELLSLQAFDVQADTLPERASSVSLWCDGNNSGASVWCG
lanA_969,II,MKQDNFEIDSLDYEINSQELNIKYTAGWRTTVRLTVQGRCG
lanA_970,II,MLYLQGEIQMKQDNFEIDSLDYEINSQELNGKSAAGWRTAVRLTVQGRCGWWFTYSYECTSPNVHCG
lanA_971,II,MAKNTSRPEIDSLSFEVENQELSGKSGSGWFTAVQLTLAGRWFTCSYECTTNNVH
lanA_972,Unknown,MISYLNNTKETARKIDLEELKELSVVGGDDNGGNVSLYSIKTSLITLTVITISIRSTFSVCEACSWP
lanA_973,II,MKQDNFEIDSLDYEINSQELNGKPAAGWDTAVRLTAQGRCGWWFTCSYECISPNVCCG
lanA_974,II,KLVIVLWFESRLKDYIQVYGKYERNERNLRSKIMKSKKVNTEIDTLEFEIDNQELNGTSGSGWWYTAFKMTLAGLCGLCFTYSYECTRNNVRC
lanA_975,I,MVTVDLDTRVEEVEEAVCPHITSKFLCAPGCPTGGIACFTAQCANGCGISVGCKWLVALSQQAALEGRQPRPYLQGRFL
lanA_976,II,MAKNTSRPEIDSLSFEVENQELSGKSGDG
lanA_977,III,MTNDILNLQKMQPREDITVMAASTYSTNCKNSSGISLFVC
lanA_978,II,MLREEMQVPGLPGAEDVTDGSVDYYDMDWENVENGVTEEQMAKCIAKECACTPRCKCSGNLPDQSDEEAYEMTLEG
lanA_979,I,MSTTIRVLLGMIKAVDLHCTDCSAEAKRLCDRFQLDTKKKAIVITNIDEDTRIESNLVCSKKHRAFFKENIGNSFSFNVSFQK
lanA_980,I,MSTTIRVLLGMIKAVDLHCTDCYAEAKRLCDRFQLDTKKKAIVITNIDEDTRIESNFVCSKKHRAFFKENIGNSFSFNVSFQK
lanA_981,Unknown,MNKKESFEQFNALSPEELENISGGGQNWSRVISNWFEAVFGR
lanA_982,III,MLEEVLKLQLMDAKEENDAPDGLRASSLSLDNCRHKRLSLISLNHC
lanA_983,Unknown,MQELELAKGLLEELKHIEELQQNVKESESDDFTGHIGGLYTLLCC
lanA_984,II,MKFSKRNPLLRKNTEDFNKVVGDLGQDIQEQDLENIEGGSTPGCAAVAAVTAVGTVVAWGETVVTNKYKCGGVWSATAECFHC
lanA_985,II,MKIIPEMHFGCLTTKWSWKNHTCRKVWKCTCECGGYCYVREDALIDGVVKNCGAECHMDVKRK
lanA_986,II,MKEPEEKEVKKEKEIPQNDIAGKRFEDLDPEEMEKIQGSGNSDVEVEGITDLIFSKNTYIC
lanA_987,II,MAKNAERPVIDSLDFEVTNQELAGKSGSGWFSAIQLTLVGRCGWAFTYSYECTTPHVSCG
lanA_988,III,MKNILMLQTLTANEDITMHAASTGSINCKGSSSASLFAC
lanA_989,II,MFREEMQVPGLPGAEDVTDGSVDYYEMEWENVENGVTEEQMAKCIAKACACTPRCKCSGNLPDQSDVEAYEMTLEG
lanA_990,II,MFREEMQVSGLPGAEDVTDGSVDYYDMDWENVENGVTEEQMAKCIAKECACTPHCKCSGNLPDQSDDEAYEMTLE
lanA_991,II,MLREEMRVLGLPGAEDVTDGSVDYYDMDWENVENGVTEEQMAKCIAKACACAPRCKCSGNLPDQSDEEAYEMTLEG
lanA_992,II,MFREEMQVPGLPGAEDVTDGSVDYYEMDWENVENGVTEEQMAKCIAKACACTPRCKCSGNLPDQSDEEAYEMTLEG
lanA_993,Unknown,MDDKKLEIERIEEKVDIDNVELQGDPCHNDPWNGIYDCLRDCSEGTSPKLSPAY
lanA_994,II,MEKRENGASAKELLERDKLGKKFEDLTPEEMQKIQGSGDMQIEGSLELIFSKPPYICRRK
lanA_995,III,MDELLSLQAFDVQADTLPERASSISLWCDGNNSGASVWCG
lanA_996,III,MDALLDLQTLETQTDSIDMRASGISIACGDGDPNSNLSWLCGDNH
lanA_997,III,MSTILDLQAIEPEQEVAEAARVSTISNEHCWGWPSAVTTRYC
lanA_998,III,MKKVLSLQTMVSTEQAKFCNASNLSVMCKKQSSISLFLCVKTTTK
lanA_999,III,MKKILSLQTLISTEKATLCNASNLSVTCKKQSSISLFLCVKTTDK
lanA_1000,III,MKKILSLQTMLSTEQIKFCSASNISVMCKKHSSISLFLCVKTINK
lanA_1001,III,MQYILDLQRTETEPTGGMRTCNPVSFASCSLCSVSFASVAVCLTV
lanA_1002,I,MKKLILKKDIVARINNGEMQQLKGGVDTYNICQTILQATCTAAQTCEPNIGCGGGGNTGGYTGGGESPSKDCFLTYGAAHTCIFTFYVKCRD
lanA_1003,I,VYYGMKRYISGILKAKRVRVIFYFLLMKKLKKLTLKKETIAKLDQQNLSDLKGGYTTSTVCGNPTTETVACLTRGNCDIPTIGHDDGPNCLSKSDSWCWCYGI
lanA_1004,I,MKKIQLDFQKKVISTLSGNDLSQLQGGNTAFSYNSCPTVDGPCTATNACTDQDSWQGNCLSDNKNNGGPLQHHQNPIPASGDSCNYCYTYECLSGNQCDKIKRLTDL
lanA_1005,I,MKKIKLEFRKEVISTLSGNELSKILGGNTAFSYNSCPTVDGPCGATNQCTDQNSIQEKCFSDLACGGGSTDPIESRYTDAIPVVEDSCGCATYDKCEGQSFLEG
lanA_1006,I,MKKIKLEFRKKVVSTLNESELARIQGGNTAFSYNSCPTVDGPCTATSECTDQDSWQGKCFSDLACGSRNTDPVLDHAMDKHPSDYCLLVSDDDH
lanA_1007,I,KKIKLEFRKEVISTLNESELARIQGGNTAFSYNSCPTVDGPCTATSECTDQDSWQGKCFSDLACGSRNTDPVLDHAMDKHPSDYCLLVSDDDH
lanA_1008,I,MKKIKLEFRKEVISTLSENELSKIQGGNTAFSYNSCPTVDGPCGATNQCTDQNSIQEKCFSDLACGGGSTDPVESRYTDAIPIVEDSCGCATYERCATIFTPCEVQL
lanA_1009,I,MKKIQLKFQKKVISVLTEEKLSKVMGGNTTNIFSVYQCGTVDGPCTTSSECADQDSNQGKCFSDLGCKGGGGTAEEKPYVDPPMYKDSTPCNVYSVYSNCLDPNKPPTIGIGMIG
lanA_1010,I,MKKIKLEFHKEVISSLSGNELSKIRGGMTASCYGKCPTEDYACADSGNCDTWLECTMEPISKECESEKCVEPPHPPVGPVISCGCATFDCSCFGVDCQVL
lanA_1011,I,MKKIQLKFQKKVISVLTEEKLSKVMGGNTTNIFSVYQCDTVDGPCTTSSECADQDSNQGKCFSDLGCKGGGGTAEEKPYVDPPMYKDSTPCNAYSVYSNCLDPNKPPTMGIGMLG
lanA_1012,I,MKKIQLDFQKKVISTLSGNDLSQLQGGNTAFSYNSCPTIDGPCTATNACTDQDSWQGNCLSDNKNNGGPLQHYQNPIPASGDSCNYCYTYECLSGNQCDKIKILTGL
lanA_1013,I,MKKIKLEFRKEVISTLSGNELSKIQGGNTAFSYNSCPTVDGPCGATNQCTDQNSIQKKCFSDLACGGGSTDPIESRYTDAIPIVEDSCGCATYERCETIFTPCEVQL
lanA_1014,III,MSEEILMLQSMSVEEEINEVNGQRFSTMSNYHCGGANFSLASNHYCRRK
lanA_1015,III,MLGGILMNAVLNLQKISAKVEEKGIIYTRKCKYEG
lanA_1016,III,MNAVLNLQKMNVEVEKKGIIITKRCKMAD
lanA_1017,III,MKNILSLQQLKVKENTKLMAKSSKSTNCKNSSHASWFIC
lanA_1018,III,MNRVLNLQRLMIENQQENLGNSCSSSDSNCCNG
lanA_1019,III,MKNILSLQQLKVKENTKLMAKSSKSMNCKNSSHASWFVC
lanA_1020,III,MNKVLQLQILEASSVATNIASNWSWNCEPIASTKSIAFC
lanA_1021,I,NDAMANVLGGDFLTGLNTIGACAPVTHNGAGCCSGYCKPYSQEMTCETCGDNCFNKDTLYCKTVEKACQIIVRTDNNCKIEIAV
lanA_1022,I,NMKKIKLEFRKKVISTLNESELARIQGGNTAFSYNSCPTVDGPCTATSECTDQDSWQGKCFSDLACGSRNTDPVLDHAMDKHPSDYCLLVSDDDH
lanA_1023,I,MKKLILKKDIVARINNGEMQQLKGGVDTYNICQTILQATCTAAQTCEPNIGCGGGGNTGGYTGGGESPSKDCFLTYGAAHTCIFTCDVKCRD